Batch ID,Production Line,Units Produced,Electricity (kWh),Fuel (L),Raw Material Transportation (kg),Product Transportation (kg),Waste (kg),Packaging (kg),Electricity CO2 (kg),Fuel CO2 (kg),Raw Material Transport CO2 (kg),Product Transport CO2 (kg),Waste CO2 (kg),Packaging CO2 (kg),Total CO2 (kg),Projected Electricity CO2 (kg),Projected Fuel CO2 (kg),Projected Waste CO2 (kg),Projected Product Transport CO2 (kg),Projected Total CO2 (kg)
B0001,Line C,742,498.92,67.43,34.59,38.23,11.59,39.73,224.51,180.71,6.23,6.12,12.75,13.91,444.22,190.84,162.64,10.2,5.51,389.33
B0002,Line A,3090,1761.58,423.5,243.38,375.22,38.52,155.02,792.71,1134.98,43.81,60.04,42.37,54.26,2128.16,673.8,1021.48,33.9,54.03,1881.28
B0003,Line C,1563,574.19,214.12,100.33,193.15,35.75,44.81,258.39,573.84,18.06,30.9,39.33,15.68,936.2,219.63,516.46,31.46,27.81,829.1
B0004,Line C,4824,2910.13,430.5,410.39,665.0,80.96,224.43,1309.56,1153.74,73.87,106.4,89.06,78.55,2811.18,1113.12,1038.37,71.24,95.76,2470.91
B0005,Line A,3095,2261.09,398.74,322.82,472.31,71.19,123.94,1017.49,1068.62,58.11,75.57,78.31,43.38,2341.48,864.87,961.76,62.65,68.01,2058.78
B0006,Line A,1419,838.12,135.57,72.33,74.09,41.51,72.81,377.15,363.33,13.02,11.85,45.66,25.48,836.5,320.58,326.99,36.53,10.67,733.27
B0007,Line C,505,342.23,97.54,43.66,33.79,28.86,27.85,154.0,261.41,7.86,5.41,31.75,9.75,470.17,130.9,235.27,25.4,4.87,414.05
B0008,Line B,967,680.46,205.66,77.79,142.61,39.18,19.83,306.21,551.17,14.0,22.82,43.1,6.94,944.23,260.28,496.05,34.48,20.54,832.29
B0009,Line C,4670,2060.55,420.88,240.63,469.04,241.67,306.63,927.25,1127.96,43.31,75.05,265.84,107.32,2546.72,788.16,1015.16,212.67,67.54,2234.16
B0010,Line C,503,218.71,107.5,45.23,56.39,22.9,31.58,98.42,288.1,8.14,9.02,25.19,11.05,439.93,83.66,259.29,20.15,8.12,390.41
B0011,Line C,1145,680.58,175.37,70.87,140.76,17.89,48.06,306.26,469.99,12.76,22.52,19.68,16.82,848.03,260.32,422.99,15.74,20.27,748.9
B0012,Line C,617,317.39,75.24,48.76,76.94,28.87,14.3,142.83,201.64,8.78,12.31,31.76,5.0,402.32,121.4,181.48,25.41,11.08,353.15
B0013,Line A,3428,2351.42,311.13,159.68,522.74,81.43,223.83,1058.14,833.83,28.74,83.64,89.57,78.34,2172.26,899.42,750.45,71.66,75.27,1903.88
B0014,Line C,3051,2166.24,457.92,234.22,487.14,128.01,235.87,974.81,1227.23,42.16,77.94,140.81,82.55,2545.5,828.59,1104.5,112.65,70.15,2240.6
B0015,Line B,4789,2353.16,915.81,308.97,618.82,129.53,164.79,1058.92,2454.37,55.61,99.01,142.48,57.68,3868.08,900.08,2208.93,113.99,89.11,3425.4
B0016,Line A,1346,598.63,240.92,142.39,109.83,80.6,53.05,269.38,645.67,25.63,17.57,88.66,18.57,1065.48,228.98,581.1,70.93,15.82,941.03
B0017,Line B,3262,2160.13,283.9,145.35,478.77,75.61,101.22,972.06,760.85,26.16,76.6,83.17,35.43,1954.27,826.25,684.77,66.54,68.94,1708.09
B0018,Line B,1641,754.73,148.03,120.59,90.93,39.31,89.63,339.63,396.72,21.71,14.55,43.24,31.37,847.22,288.68,357.05,34.59,13.09,746.49
B0019,Line B,2310,1568.6,315.09,177.12,174.22,130.59,67.66,705.87,844.44,31.88,27.88,143.65,23.68,1777.4,599.99,760.0,114.92,25.09,1555.56
B0020,Line B,1223,635.34,148.4,119.85,181.88,13.74,50.6,285.9,397.71,21.57,29.1,15.11,17.71,767.11,243.02,357.94,12.09,26.19,678.52
B0021,Line A,724,446.72,81.47,62.22,56.6,32.46,44.76,201.02,218.34,11.2,9.06,35.71,15.67,490.99,170.87,196.51,28.56,8.15,430.96
B0022,Line A,4708,1827.71,561.86,439.62,349.67,217.82,252.38,822.47,1505.78,79.13,55.95,239.6,88.33,2791.27,699.1,1355.21,191.68,50.35,2463.8
B0023,Line B,2548,1527.64,490.46,260.31,166.11,132.03,110.04,687.44,1314.43,46.86,26.58,145.23,38.51,2259.05,584.32,1182.99,116.19,23.92,1992.79
B0024,Line B,4915,2608.43,1032.6,535.62,710.23,288.62,222.23,1173.79,2767.37,96.41,113.64,317.48,77.78,4546.47,997.72,2490.63,253.99,102.27,4018.8
B0025,Line A,2073,1211.97,283.41,134.97,217.68,121.85,111.38,545.39,759.54,24.29,34.83,134.04,38.98,1537.07,463.58,683.58,107.23,31.35,1349.01
B0026,Line A,2328,971.25,481.56,193.32,289.23,30.88,47.38,437.06,1290.58,34.8,46.28,33.97,16.58,1859.27,371.5,1161.52,27.17,41.65,1653.22
B0027,Line A,2417,1558.36,302.15,259.12,184.41,123.49,59.73,701.26,809.76,46.64,29.51,135.84,20.91,1743.92,596.07,728.79,108.67,26.56,1527.64
B0028,Line C,4734,3290.69,694.48,564.08,631.44,200.32,344.99,1480.81,1861.21,101.53,101.03,220.35,120.75,3885.68,1258.69,1675.09,176.28,90.93,3423.27
B0029,Line C,2526,1103.09,282.01,280.79,337.48,107.02,62.32,496.39,755.79,50.54,54.0,117.72,21.81,1496.25,421.93,680.21,94.18,48.6,1317.27
B0030,Line C,4244,1647.89,720.07,295.88,358.13,69.68,264.86,741.55,1929.79,53.26,57.3,76.65,92.7,2951.25,630.32,1736.81,61.32,51.57,2625.98
B0031,Line B,1401,503.6,304.1,77.91,133.34,59.56,105.36,226.62,814.99,14.02,21.33,65.52,36.88,1179.36,192.63,733.49,52.41,19.2,1048.63
B0032,Line C,2539,1540.64,417.64,200.97,185.51,150.12,92.02,693.29,1119.28,36.17,29.68,165.13,32.21,2075.76,589.29,1007.35,132.11,26.71,1823.84
B0033,Line B,509,301.75,66.22,50.56,80.13,28.3,21.49,135.79,177.47,9.1,12.82,31.13,7.52,373.83,115.42,159.72,24.9,11.54,328.2
B0034,Line B,760,432.2,129.73,60.35,91.97,24.29,41.14,194.49,347.68,10.86,14.72,26.72,14.4,608.86,165.32,312.91,21.38,13.24,538.11
B0035,Line C,2173,962.16,211.23,170.92,332.03,26.07,158.42,432.97,566.1,30.77,53.12,28.68,55.45,1167.08,368.03,509.49,22.94,47.81,1034.49
B0036,Line B,2719,1376.8,555.8,291.09,226.69,76.44,208.04,619.56,1489.54,52.4,36.27,84.08,72.81,2354.67,526.63,1340.59,67.27,32.64,2092.34
B0037,Line C,2560,1504.74,385.11,176.42,348.18,131.38,164.8,677.13,1032.09,31.76,55.71,144.52,57.68,1998.89,575.56,928.89,115.61,50.14,1759.64
B0038,Line C,4213,2311.7,602.08,458.31,565.57,189.9,106.16,1040.26,1613.57,82.5,90.49,208.89,37.16,3072.87,884.23,1452.22,167.11,81.44,2704.66
B0039,Line A,2119,1578.9,343.32,153.72,267.17,69.86,127.46,710.51,920.1,27.67,42.75,76.85,44.61,1822.48,603.93,828.09,61.48,38.47,1604.25
B0040,Line C,820,331.75,137.33,54.33,128.1,10.46,36.59,149.29,368.04,9.78,20.5,11.51,12.81,571.92,126.89,331.24,9.2,18.45,508.37
B0041,Line A,1842,1156.88,165.87,140.58,171.84,57.74,88.86,520.6,444.53,25.3,27.49,63.51,31.1,1112.54,442.51,400.08,50.81,24.74,974.54
B0042,Line C,2876,1471.73,504.93,290.46,185.15,96.21,66.0,662.28,1353.21,52.28,29.62,105.83,23.1,2226.33,562.94,1217.89,84.66,26.66,1967.53
B0043,Line C,3332,1736.9,379.42,166.87,412.79,188.02,104.84,781.6,1016.85,30.04,66.05,206.82,36.69,2138.05,664.36,915.16,165.46,59.44,1871.15
B0044,Line A,3324,2117.52,598.16,185.19,432.86,139.79,224.14,952.88,1603.07,33.33,69.26,153.77,78.45,2890.76,809.95,1442.76,123.02,62.33,2549.84
B0045,Line A,2494,1563.67,486.72,289.59,282.46,63.8,117.81,703.65,1304.41,52.13,45.19,70.18,41.23,2216.79,598.1,1173.97,56.14,40.67,1962.24
B0046,Line C,3458,2581.41,665.85,186.87,251.57,125.41,131.75,1161.63,1784.48,33.64,40.25,137.95,46.11,3204.06,987.39,1606.03,110.36,36.23,2819.76
B0047,Line B,2538,1018.65,399.35,216.79,267.73,33.76,109.24,458.39,1070.26,39.02,42.84,37.14,38.23,1685.88,389.63,963.23,29.71,38.55,1498.37
B0048,Line A,3990,1562.66,609.77,344.52,336.52,233.93,284.34,703.2,1634.18,62.01,53.84,257.32,99.52,2810.08,597.72,1470.77,205.86,48.46,2484.34
B0049,Line B,4177,2672.18,417.71,330.69,405.26,116.97,271.25,1202.48,1119.46,59.52,64.84,128.67,94.94,2669.91,1022.11,1007.52,102.93,58.36,2345.38
B0050,Line B,1618,940.63,305.07,148.18,195.74,54.84,58.8,423.28,817.59,26.67,31.32,60.32,20.58,1379.77,359.79,735.83,48.26,28.19,1219.32
B0051,Line B,2104,967.13,248.27,122.84,277.67,58.42,56.91,435.21,665.36,22.11,44.43,64.26,19.92,1251.29,369.93,598.83,51.41,39.98,1102.18
B0052,Line A,4527,1728.26,676.96,381.23,341.99,199.76,158.99,777.72,1814.25,68.62,54.72,219.74,55.65,2990.69,661.06,1632.83,175.79,49.25,2643.2
B0053,Line B,735,282.43,88.05,51.28,69.52,31.69,55.31,127.09,235.97,9.23,11.12,34.86,19.36,437.64,108.03,212.38,27.89,10.01,386.9
B0054,Line A,2469,1747.25,243.78,229.45,196.55,113.0,135.54,786.26,653.33,41.3,31.45,124.3,47.44,1684.08,668.32,588.0,99.44,28.3,1472.8
B0055,Line B,4929,2103.44,828.75,252.85,354.15,115.37,256.35,946.55,2221.05,45.51,56.66,126.91,89.72,3486.4,804.57,1998.95,101.53,51.0,3091.28
B0056,Line C,2408,1154.27,210.96,206.29,327.9,62.09,134.33,519.42,565.37,37.13,52.46,68.3,47.02,1289.7,441.51,508.84,54.64,47.22,1136.36
B0057,Line C,875,385.58,161.71,47.97,131.27,14.23,36.72,173.51,433.38,8.63,21.0,15.65,12.85,665.04,147.48,390.04,12.52,18.9,590.42
B0058,Line A,4030,1982.75,501.58,251.03,365.62,172.39,275.76,892.24,1344.23,45.19,58.5,189.63,96.52,2626.3,758.4,1209.81,151.7,52.65,2314.27
B0059,Line C,3135,1184.31,250.86,180.25,415.83,37.59,161.13,532.94,672.3,32.44,66.53,41.35,56.4,1401.97,453.0,605.07,33.08,59.88,1239.87
B0060,Line C,2070,1154.28,313.73,113.08,307.75,82.56,55.9,519.43,840.8,20.35,49.24,90.82,19.56,1540.2,441.51,756.72,72.65,44.32,1355.11
B0061,Line B,3060,1153.76,264.87,324.53,437.81,163.66,84.9,519.19,709.85,58.42,70.05,180.03,29.72,1567.25,441.31,638.87,144.02,63.04,1375.38
B0062,Line A,3891,2607.52,461.72,244.58,272.8,212.22,203.16,1173.38,1237.41,44.02,43.65,233.44,71.11,2803.01,997.38,1113.67,186.75,39.28,2452.21
B0063,Line B,3465,1536.67,620.15,395.6,537.74,112.45,264.01,691.5,1662.0,71.21,86.04,123.7,92.4,2726.85,587.78,1495.8,98.96,77.43,2423.58
B0064,Line B,4143,2344.96,367.8,487.19,378.81,136.57,159.51,1055.23,985.7,87.69,60.61,150.23,55.83,2395.3,896.95,887.13,120.18,54.55,2102.33
B0065,Line B,4350,3053.84,859.16,372.8,379.83,60.24,313.95,1374.23,2302.55,67.1,60.77,66.26,109.88,3980.8,1168.09,2072.29,53.01,54.7,3525.07
B0066,Line B,1372,837.4,110.49,70.58,78.02,59.73,90.34,376.83,296.11,12.7,12.48,65.7,31.62,795.45,320.31,266.5,52.56,11.23,694.92
B0067,Line B,1752,986.7,200.7,122.58,181.3,89.46,61.09,444.02,537.88,22.06,29.01,98.41,21.38,1152.75,377.41,484.09,78.72,26.11,1009.77
B0068,Line B,1814,870.24,333.28,188.33,112.45,40.33,40.24,391.61,893.19,33.9,17.99,44.36,14.08,1395.14,332.87,803.87,35.49,16.19,1236.4
B0069,Line B,3398,1641.92,422.3,235.79,262.8,105.56,88.72,738.86,1131.76,42.44,42.05,116.12,31.05,2102.29,628.03,1018.59,92.89,37.84,1850.84
B0070,Line A,577,356.47,54.39,27.1,48.97,29.97,36.76,160.41,145.77,4.88,7.84,32.97,12.87,364.72,136.35,131.19,26.37,7.05,318.71
B0071,Line C,3121,2333.43,407.08,263.86,433.73,168.08,99.81,1050.04,1090.97,47.49,69.4,184.89,34.93,2477.73,892.54,981.88,147.91,62.46,2167.21
B0072,Line B,4727,2905.86,557.1,508.67,691.58,104.75,199.84,1307.64,1493.03,91.56,110.65,115.22,69.94,3188.05,1111.49,1343.73,92.18,99.59,2808.49
B0073,Line B,1100,630.42,217.78,114.04,91.6,41.28,55.11,283.69,583.65,20.53,14.66,45.41,19.29,967.22,241.14,525.29,36.33,13.19,855.77
B0074,Line B,1565,1005.14,193.85,84.53,226.07,30.71,99.42,452.31,519.52,15.22,36.17,33.78,34.8,1091.8,384.47,467.57,27.02,32.55,961.63
B0075,Line B,2636,1413.11,502.03,247.31,380.36,39.79,70.63,635.9,1345.44,44.52,60.86,43.77,24.72,2155.2,540.51,1210.9,35.02,54.77,1910.44
B0076,Line B,2949,1103.09,604.14,169.98,395.5,163.83,130.88,496.39,1619.1,30.6,63.28,180.21,45.81,2435.38,421.93,1457.19,144.17,56.95,2156.65
B0077,Line B,2843,1634.49,400.11,163.35,188.03,145.07,139.6,735.52,1072.29,29.4,30.08,159.58,48.86,2075.74,625.19,965.07,127.66,27.08,1823.26
B0078,Line C,2363,1732.2,490.07,259.75,297.59,113.43,123.94,779.49,1313.39,46.76,47.61,124.77,43.38,2355.4,662.57,1182.05,99.82,42.85,2077.43
B0079,Line C,1818,763.78,241.47,109.03,279.89,22.61,125.63,343.7,647.14,19.63,44.78,24.87,43.97,1124.09,292.15,582.43,19.9,40.3,998.38
B0080,Line B,4097,2564.73,880.74,250.16,512.45,213.81,124.14,1154.13,2360.38,45.03,81.99,235.19,43.45,3920.17,981.01,2124.34,188.15,73.79,3455.77
B0081,Line C,4262,1834.25,394.24,170.7,368.57,135.97,291.82,825.41,1056.56,30.73,58.97,149.57,102.14,2223.38,701.6,950.91,119.65,53.07,1958.1
B0082,Line A,2690,1518.05,473.93,294.97,282.62,72.95,165.63,683.12,1270.13,53.09,45.22,80.24,57.97,2189.78,580.65,1143.12,64.2,40.7,1939.73
B0083,Line B,1492,579.9,222.51,154.28,180.58,55.69,79.6,260.96,596.33,27.77,28.89,61.26,27.86,1003.06,221.81,536.69,49.01,26.0,889.14
B0084,Line A,3212,1702.84,431.28,289.68,340.99,46.79,199.05,766.28,1155.83,52.14,54.56,51.47,69.67,2149.95,651.34,1040.25,41.18,49.1,1903.68
B0085,Line A,2692,1756.44,453.82,269.26,170.12,128.76,120.39,790.4,1216.24,48.47,27.22,141.64,42.14,2266.09,671.84,1094.61,113.31,24.5,1994.87
B0086,Line B,1748,854.82,312.09,91.18,147.4,68.38,49.48,384.67,836.4,16.41,23.58,75.22,17.32,1353.6,326.97,752.76,60.17,21.23,1194.86
B0087,Line C,3554,2189.14,286.49,272.47,491.39,68.7,213.05,985.11,767.79,49.04,78.62,75.57,74.57,2030.71,837.35,691.01,60.46,70.76,1783.19
B0088,Line A,4533,3028.86,468.59,308.69,656.18,87.99,233.36,1362.99,1255.82,55.56,104.99,96.79,81.68,2957.83,1158.54,1130.24,77.43,94.49,2597.94
B0089,Line B,2497,1800.02,449.03,118.61,162.56,47.97,145.73,810.01,1203.4,21.35,26.01,52.77,51.01,2164.54,688.51,1083.06,42.21,23.41,1909.55
B0090,Line A,4187,1858.43,725.58,330.31,647.99,53.8,168.65,836.29,1944.55,59.46,103.68,59.18,59.03,3062.19,710.85,1750.1,47.34,93.31,2720.09
B0091,Line A,2651,1351.28,570.62,301.31,228.44,104.42,197.27,608.08,1529.26,54.24,36.55,114.86,69.04,2412.03,516.86,1376.34,91.89,32.9,2141.27
B0092,Line A,4518,1856.75,842.81,195.2,555.06,235.01,249.58,835.54,2258.73,35.14,88.81,258.51,87.35,3564.08,710.21,2032.86,206.81,79.93,3152.3
B0093,Line A,3610,2696.65,769.32,228.57,479.05,39.26,90.7,1213.49,2061.78,41.14,76.65,43.19,31.74,3467.99,1031.47,1855.6,34.55,68.98,3063.48
B0094,Line C,2470,1780.38,440.54,139.81,344.11,30.75,116.06,801.17,1180.65,25.17,55.06,33.83,40.62,2136.49,681.0,1062.58,27.06,49.55,1885.98
B0095,Line A,697,394.49,84.84,41.16,107.36,26.93,45.57,177.52,227.37,7.41,17.18,29.62,15.95,475.05,150.89,204.63,23.7,15.46,418.04
B0096,Line A,3126,2146.98,296.19,352.22,263.9,159.35,211.47,966.14,793.79,63.4,42.22,175.28,74.01,2114.85,821.22,714.41,140.23,38.0,1851.27
B0097,Line A,1702,950.37,322.45,131.81,245.83,44.83,84.55,427.67,864.17,23.73,39.33,49.31,29.59,1433.8,363.52,777.75,39.45,35.4,1269.44
B0098,Line C,2535,1519.57,431.41,195.97,163.47,69.66,186.79,683.81,1156.18,35.27,26.16,76.63,65.38,2043.42,581.24,1040.56,61.3,23.54,1807.29
B0099,Line A,977,376.78,84.75,98.53,124.62,38.9,35.23,169.55,227.13,17.74,19.94,42.79,12.33,489.48,144.12,204.42,34.23,17.95,430.79
B0100,Line A,1754,1143.8,228.73,91.84,230.86,41.59,78.29,514.71,613.0,16.53,36.94,45.75,27.4,1254.33,437.5,551.7,36.6,33.24,1102.97
B0101,Line C,1422,570.34,304.24,112.31,177.11,16.11,105.11,256.65,815.36,20.22,28.34,17.72,36.79,1175.08,218.16,733.83,14.18,25.5,1048.68
B0102,Line C,919,625.31,137.9,68.37,71.46,42.97,67.8,281.39,369.57,12.31,11.43,47.27,23.73,745.7,239.18,332.61,37.81,10.29,655.93
B0103,Line C,2704,1792.24,380.13,237.28,394.88,111.63,165.33,806.51,1018.75,42.71,63.18,122.79,57.87,2111.81,685.53,916.87,98.23,56.86,1858.07
B0104,Line A,3097,1961.94,446.21,371.53,212.38,120.9,221.56,882.87,1195.84,66.88,33.98,132.99,77.55,2390.11,750.44,1076.26,106.39,30.58,2108.1
B0105,Line C,1620,590.43,176.97,164.52,90.56,76.28,41.03,265.69,474.28,29.61,14.49,83.91,14.36,882.34,225.84,426.85,67.13,13.04,776.83
B0106,Line C,3568,1681.42,469.62,256.29,459.99,156.14,256.54,756.64,1258.58,46.13,73.6,171.75,89.79,2396.49,643.14,1132.72,137.4,66.24,2115.42
B0107,Line A,1450,660.11,191.07,154.0,148.34,29.43,56.89,297.05,512.07,27.72,23.73,32.37,19.91,912.86,252.49,460.86,25.9,21.36,808.24
B0108,Line C,2836,1401.14,247.67,152.17,406.68,78.34,87.06,630.51,663.76,27.39,65.07,86.17,30.47,1503.37,535.94,597.38,68.94,58.56,1318.68
B0109,Line A,2743,1056.21,514.2,116.4,252.83,44.73,94.26,475.29,1378.06,20.95,40.45,49.2,32.99,1996.95,404.0,1240.25,39.36,36.41,1773.96
B0110,Line B,3145,2279.44,434.99,177.24,215.47,51.87,141.77,1025.75,1165.77,31.9,34.48,57.06,49.62,2364.58,871.89,1049.2,45.65,31.03,2079.29
B0111,Line C,2357,1347.07,459.86,158.47,334.71,103.26,82.66,606.18,1232.42,28.52,53.55,113.59,28.93,2063.2,515.25,1109.18,90.87,48.2,1820.95
B0112,Line B,2365,1116.78,470.75,191.2,261.05,125.18,92.79,502.55,1261.61,34.42,41.77,137.7,32.48,2010.52,427.17,1135.45,110.16,37.59,1777.27
B0113,Line A,3412,1736.0,374.23,304.39,241.61,198.36,95.87,781.2,1002.94,54.79,38.66,218.2,33.55,2129.33,664.02,902.64,174.56,34.79,1864.35
B0114,Line C,3353,1773.34,576.81,378.38,433.35,138.87,126.64,798.0,1545.85,68.11,69.34,152.76,44.32,2678.38,678.3,1391.27,122.21,62.4,2366.61
B0115,Line A,3728,2200.41,544.73,301.18,396.0,71.6,202.57,990.18,1459.88,54.21,63.36,78.76,70.9,2717.29,841.66,1313.89,63.01,57.02,2400.69
B0116,Line B,4219,2346.91,857.39,337.95,491.41,64.48,196.23,1056.11,2297.81,60.83,78.63,70.93,68.68,3632.98,897.69,2068.02,56.74,70.76,3222.72
B0117,Line A,3728,2675.8,410.84,164.1,375.41,188.8,152.11,1204.11,1101.05,29.54,60.07,207.68,53.24,2655.68,1023.49,990.95,166.14,54.06,2317.42
B0118,Line C,2871,1575.56,502.12,122.86,405.26,111.79,186.0,709.0,1345.68,22.11,64.84,122.97,65.1,2329.71,602.65,1211.11,98.38,58.36,2057.71
B0119,Line C,3391,2532.61,559.8,285.16,478.99,138.74,249.61,1139.67,1500.26,51.33,76.64,152.61,87.36,3007.88,968.72,1350.24,122.09,68.97,2648.71
B0120,Line B,4256,2939.07,516.43,319.43,544.91,208.86,278.37,1322.58,1384.03,57.5,87.19,229.75,97.43,3178.47,1124.19,1245.63,183.8,78.47,2787.02
B0121,Line A,4725,2047.83,468.36,506.21,291.03,213.4,188.62,921.52,1255.2,91.12,46.56,234.74,66.02,2615.17,783.29,1129.68,187.79,41.91,2299.81
B0122,Line C,594,429.01,101.71,31.4,84.51,30.72,38.41,193.05,272.58,5.65,13.52,33.79,13.44,532.05,164.1,245.32,27.03,12.17,467.71
B0123,Line B,3174,1258.64,582.12,133.3,392.98,40.66,92.42,566.39,1560.08,23.99,62.88,44.73,32.35,2290.41,481.43,1404.07,35.78,56.59,2034.21
B0124,Line C,2455,1661.99,304.88,186.39,310.98,116.31,68.3,747.9,817.08,33.55,49.76,127.94,23.9,1800.13,635.71,735.37,102.35,44.78,1575.66
B0125,Line C,1293,649.41,220.17,76.28,116.28,67.94,52.67,292.23,590.06,13.73,18.6,74.73,18.43,1007.79,248.4,531.05,59.79,16.74,888.14
B0126,Line A,2334,1636.58,315.83,102.62,342.45,56.73,159.79,736.46,846.42,18.47,54.79,62.4,55.93,1774.48,625.99,761.78,49.92,49.31,1561.4
B0127,Line C,2616,1823.93,470.48,256.28,339.53,109.93,90.99,820.77,1260.89,46.13,54.32,120.92,31.85,2334.88,697.65,1134.8,96.74,48.89,2056.06
B0128,Line A,4606,3096.94,496.94,225.36,287.35,118.41,109.6,1393.62,1331.8,40.56,45.98,130.25,38.36,2980.57,1184.58,1198.62,104.2,41.38,2607.7
B0129,Line C,3825,2547.5,782.71,339.15,362.82,221.46,106.73,1146.38,2097.66,61.05,58.05,243.61,37.36,3644.1,974.42,1887.9,194.88,52.25,3207.86
B0130,Line B,3419,1613.33,411.09,213.63,504.31,39.9,244.54,726.0,1101.72,38.45,80.69,43.89,85.59,2076.34,617.1,991.55,35.11,72.62,1840.42
B0131,Line C,3097,1184.19,407.22,166.87,170.93,120.75,179.71,532.89,1091.35,30.04,27.35,132.83,62.9,1877.34,452.95,982.21,106.26,24.61,1658.97
B0132,Line A,3705,1893.97,326.53,260.76,577.08,67.89,130.39,852.29,875.1,46.94,92.33,74.68,45.64,1986.97,724.44,787.59,59.74,83.1,1747.45
B0133,Line A,1314,551.1,125.63,136.81,163.87,59.93,70.06,248.0,336.69,24.63,26.22,65.92,24.52,725.97,210.8,303.02,52.74,23.6,639.31
B0134,Line B,845,530.64,128.63,60.31,100.94,15.88,43.65,238.79,344.73,10.86,16.15,17.47,15.28,643.27,202.97,310.26,13.97,14.54,567.88
B0135,Line C,2849,1391.57,334.65,285.08,227.24,62.02,169.02,626.21,896.86,51.31,36.36,68.22,59.16,1738.12,532.28,807.18,54.58,32.72,1537.23
B0136,Line C,862,638.09,169.79,43.13,66.69,29.93,29.3,287.14,455.04,7.76,10.67,32.92,10.26,803.79,244.07,409.53,26.34,9.6,707.56
B0137,Line B,2943,1784.6,241.49,299.66,452.12,164.05,211.5,803.07,647.19,53.94,72.34,180.46,74.02,1831.02,682.61,582.47,144.36,65.11,1602.51
B0138,Line C,2765,1877.41,367.95,163.01,228.97,56.92,106.62,844.83,986.11,29.34,36.64,62.61,37.32,1996.85,718.11,887.5,50.09,32.97,1755.33
B0139,Line C,2688,1083.29,341.99,253.19,363.7,46.27,165.71,487.48,916.53,45.57,58.19,50.9,58.0,1616.68,414.36,824.88,40.72,52.37,1435.9
B0140,Line A,3505,2435.29,289.88,298.85,326.82,168.06,73.49,1095.88,776.88,53.79,52.29,184.87,25.72,2189.43,931.5,699.19,147.89,47.06,1905.15
B0141,Line C,3781,2718.93,368.31,432.29,246.97,132.45,160.16,1223.52,987.07,77.81,39.52,145.7,56.06,2529.67,1039.99,888.36,116.56,35.56,2214.34
B0142,Line C,1484,808.52,204.66,105.34,75.95,82.49,61.0,363.83,548.49,18.96,12.15,90.74,21.35,1055.52,309.26,493.64,72.59,10.94,926.74
B0143,Line B,2139,1267.36,318.71,96.88,235.01,37.07,112.53,570.31,854.14,17.44,37.6,40.78,39.39,1559.66,484.77,768.73,32.62,33.84,1376.79
B0144,Line B,1327,870.41,181.27,55.11,208.78,56.13,32.33,391.68,485.8,9.92,33.4,61.74,11.32,993.87,332.93,437.22,49.39,30.06,870.84
B0145,Line A,3230,1356.39,498.49,342.86,292.65,69.91,217.73,610.38,1335.95,61.71,46.82,76.9,76.21,2207.97,518.82,1202.36,61.52,42.14,1962.76
B0146,Line C,4031,2221.19,658.34,330.46,359.93,71.91,133.29,999.54,1764.35,59.48,57.59,79.1,46.65,3006.71,849.61,1587.92,63.28,51.83,2658.77
B0147,Line C,4951,2522.36,402.96,505.1,434.95,218.69,300.14,1135.06,1079.93,90.92,69.59,240.56,105.05,2721.11,964.8,971.94,192.45,62.63,2387.79
B0148,Line C,3435,1403.37,497.98,201.82,368.44,136.32,234.24,631.52,1334.59,36.33,58.95,149.95,81.98,2293.32,536.79,1201.13,119.96,53.06,2029.25
B0149,Line A,4376,2174.93,940.36,295.85,430.92,208.92,235.05,978.72,2520.16,53.25,68.95,229.81,82.27,3933.16,831.91,2268.15,183.85,62.05,3481.48
B0150,Line A,626,236.17,95.57,26.55,91.89,15.95,40.35,106.28,256.13,4.78,14.7,17.55,14.12,413.55,90.34,230.51,14.04,13.23,367.02
B0151,Line B,3677,1324.91,642.95,429.91,388.32,119.13,219.56,596.21,1723.11,77.38,62.13,131.04,76.85,2666.72,506.78,1550.8,104.83,55.92,2372.56
B0152,Line A,3556,1436.86,439.74,332.24,376.41,107.65,146.98,646.59,1178.5,59.8,60.23,118.42,51.44,2114.98,549.6,1060.65,94.73,54.2,1870.42
B0153,Line C,1103,810.98,207.76,126.47,71.94,65.3,75.59,364.94,556.8,22.76,11.51,71.83,26.46,1054.3,310.2,501.12,57.46,10.36,928.36
B0154,Line C,3949,2250.19,743.24,241.84,624.34,97.19,148.81,1012.59,1991.88,43.53,99.89,106.91,52.08,3306.89,860.7,1792.69,85.53,89.9,2924.43
B0155,Line A,4646,3420.98,710.75,413.11,360.05,114.95,252.15,1539.44,1904.81,74.36,57.61,126.44,88.25,3790.92,1308.52,1714.33,101.16,51.85,3338.47
B0156,Line C,4033,2109.26,873.72,380.23,234.2,111.82,261.03,949.17,2341.57,68.44,37.47,123.0,91.36,3611.01,806.79,2107.41,98.4,33.72,3206.12
B0157,Line C,3867,1835.77,377.33,252.92,475.43,147.83,165.27,826.1,1011.24,45.53,76.07,162.61,57.84,2179.39,702.18,910.12,130.09,68.46,1914.22
B0158,Line A,3868,2136.9,318.62,417.16,446.72,87.48,147.63,961.6,853.9,75.09,71.48,96.23,51.67,2109.97,817.36,768.51,76.98,64.33,1853.94
B0159,Line A,4297,2259.38,807.07,497.48,411.08,239.62,204.37,1016.72,2162.95,89.55,65.77,263.58,71.53,3670.1,864.21,1946.65,210.87,59.2,3242.01
B0160,Line C,2292,899.07,442.36,253.93,221.04,53.37,158.33,404.58,1185.52,45.71,35.37,58.71,55.42,1785.3,343.89,1066.97,46.97,31.83,1590.79
B0161,Line C,3361,2037.88,325.44,333.16,458.3,184.15,254.75,917.05,872.18,59.97,73.33,202.57,89.16,2214.25,779.49,784.96,162.05,66.0,1941.63
B0162,Line C,3976,1735.19,465.91,247.3,284.4,60.33,209.56,780.84,1248.64,44.51,45.5,66.36,73.35,2259.2,663.71,1123.77,53.09,40.95,1999.38
B0163,Line B,3917,2341.72,322.99,244.93,549.27,167.76,233.8,1053.77,865.61,44.09,87.88,184.54,81.83,2317.72,895.71,779.05,147.63,79.09,2027.4
B0164,Line B,2145,1308.62,259.68,251.11,260.32,118.72,159.15,588.88,695.94,45.2,41.65,130.59,55.7,1557.97,500.55,626.35,104.47,37.49,1369.76
B0165,Line B,1705,700.43,320.95,69.6,163.83,31.44,44.18,315.19,860.15,12.53,26.21,34.58,15.46,1264.13,267.91,774.13,27.67,23.59,1121.29
B0166,Line A,3530,1322.13,538.38,343.41,354.35,206.21,119.75,594.96,1442.86,61.81,56.7,226.83,41.91,2425.07,505.71,1298.57,181.46,51.03,2140.49
B0167,Line B,3372,2233.29,434.09,325.4,263.8,110.08,210.86,1004.98,1163.36,58.57,42.21,121.09,73.8,2464.01,854.23,1047.03,96.87,37.99,2168.49
B0168,Line A,3572,1907.16,471.66,320.82,474.12,204.62,247.98,858.22,1264.05,57.75,75.86,225.08,86.79,2567.75,729.49,1137.64,180.07,68.27,2260.01
B0169,Line A,2354,878.67,188.77,280.62,250.5,103.2,168.13,395.4,505.9,50.51,40.08,113.52,58.85,1164.26,336.09,455.31,90.82,36.07,1027.65
B0170,Line B,4521,3381.47,551.44,293.64,385.61,113.38,203.02,1521.66,1477.86,52.86,61.7,124.72,71.06,3309.85,1293.41,1330.07,99.77,55.53,2902.7
B0171,Line B,3208,1196.94,546.98,215.57,370.73,62.28,81.36,538.62,1465.91,38.8,59.32,68.51,28.48,2199.63,457.83,1319.32,54.81,53.39,1952.63
B0172,Line B,4002,2513.31,865.98,185.35,638.44,100.8,185.16,1130.99,2320.83,33.36,102.15,110.88,64.81,3763.02,961.34,2088.74,88.7,91.94,3328.89
B0173,Line C,1832,1362.04,363.81,138.18,179.31,26.84,62.0,612.92,975.01,24.87,28.69,29.52,21.7,1692.71,520.98,877.51,23.62,25.82,1494.5
B0174,Line B,701,312.42,58.4,42.68,106.04,12.05,26.27,140.59,156.51,7.68,16.97,13.26,9.19,344.2,119.5,140.86,10.6,15.27,303.1
B0175,Line C,4007,1630.45,824.63,270.36,352.42,61.04,265.81,733.7,2210.01,48.66,56.39,67.14,93.03,3208.94,623.65,1989.01,53.72,50.75,2858.82
B0176,Line A,4712,1877.99,893.62,503.08,263.97,146.77,115.59,845.1,2394.9,90.55,42.24,161.45,40.46,3574.69,718.33,2155.41,129.16,38.01,3171.92
B0177,Line C,1074,506.19,203.26,123.34,77.83,53.46,74.81,227.79,544.74,22.2,12.45,58.81,26.18,892.17,193.62,490.26,47.04,11.21,790.51
B0178,Line B,1036,404.47,149.31,56.83,99.51,17.68,47.3,182.01,400.15,10.23,15.92,19.45,16.56,644.32,154.71,360.14,15.56,14.33,571.53
B0179,Line A,2125,1332.09,288.41,148.33,157.59,35.1,118.5,599.44,772.94,26.7,25.21,38.61,41.47,1504.38,509.52,695.64,30.89,22.69,1326.91
B0180,Line A,2622,983.03,320.95,299.67,131.17,110.57,66.54,442.36,860.15,53.94,20.99,121.63,23.29,1522.35,376.01,774.13,97.3,18.89,1343.56
B0181,Line A,885,490.09,78.94,39.78,133.33,17.58,35.61,220.54,211.56,7.16,21.33,19.34,12.46,492.39,187.46,190.4,15.47,19.2,432.15
B0182,Line C,3781,2830.75,423.29,179.18,540.03,56.26,95.97,1273.84,1134.42,32.25,86.4,61.89,33.59,2622.39,1082.76,1020.98,49.51,77.76,2296.85
B0183,Line B,974,658.02,111.55,51.64,128.23,17.87,75.67,296.11,298.95,9.3,20.52,19.66,26.48,671.02,251.69,269.06,15.73,18.47,590.73
B0184,Line A,917,546.61,135.51,80.34,62.78,51.52,62.76,245.97,363.17,14.46,10.04,56.67,21.97,712.29,209.08,326.85,45.34,9.04,626.74
B0185,Line A,4100,1937.26,757.03,213.35,259.28,209.4,195.07,871.77,2028.84,38.4,41.48,230.34,68.27,3279.11,741.0,1825.96,184.27,37.34,2895.24
B0186,Line A,1454,871.76,212.77,170.77,83.51,40.28,48.59,392.29,570.22,30.74,13.36,44.31,17.01,1067.93,333.45,513.2,35.45,12.03,941.88
B0187,Line C,1705,956.19,150.21,129.13,221.04,72.96,129.59,430.29,402.56,23.24,35.37,80.26,45.36,1017.07,365.74,362.31,64.2,31.83,892.68
B0188,Line C,4620,2404.4,989.1,370.16,703.02,170.31,187.92,1081.98,2650.79,66.63,112.48,187.34,65.77,4164.99,919.68,2385.71,149.87,101.23,3688.89
B0189,Line B,2490,1001.69,527.83,148.73,242.42,109.2,73.85,450.76,1414.58,26.77,38.79,120.12,25.85,2076.87,383.15,1273.13,96.1,34.91,1839.91
B0190,Line C,4072,2869.3,773.38,316.3,256.97,179.71,219.03,1291.19,2072.66,56.93,41.12,197.68,76.66,3736.23,1097.51,1865.39,158.14,37.0,3291.63
B0191,Line A,4880,2585.98,1067.68,453.61,519.05,202.21,373.94,1163.69,2861.38,81.65,83.05,222.43,130.88,4543.08,989.14,2575.24,177.94,74.74,4029.59
B0192,Line B,4658,1992.92,727.71,466.24,411.63,108.56,94.23,896.81,1950.26,83.92,65.86,119.42,32.98,3149.26,762.29,1755.24,95.53,59.27,2789.23
B0193,Line A,3213,1597.19,690.11,322.29,293.12,38.4,110.17,718.74,1849.49,58.01,46.9,42.24,38.56,2753.94,610.93,1664.55,33.79,42.21,2448.05
B0194,Line A,2703,1393.81,244.85,233.08,319.89,88.6,206.26,627.21,656.2,41.95,51.18,97.46,72.19,1546.2,533.13,590.58,77.97,46.06,1361.88
B0195,Line C,3620,2465.27,474.93,406.7,467.19,197.47,109.56,1109.37,1272.81,73.21,74.75,217.22,38.35,2785.7,942.97,1145.53,173.77,67.28,2441.11
B0196,Line B,1466,943.29,163.54,154.51,91.14,56.4,39.28,424.48,438.29,27.81,14.58,62.04,13.75,980.95,360.81,394.46,49.63,13.12,859.58
B0197,Line C,3932,2586.16,422.36,395.42,211.99,202.97,213.16,1163.77,1131.92,71.18,33.92,223.27,74.61,2698.66,989.21,1018.73,178.61,30.53,2362.87
B0198,Line C,1188,421.04,118.46,52.8,189.34,70.78,85.19,189.47,317.47,9.5,30.29,77.86,29.82,654.41,161.05,285.73,62.29,27.26,575.65
B0199,Line B,4743,2449.58,792.74,192.33,358.57,86.23,230.64,1102.31,2124.54,34.62,57.37,94.85,80.72,3494.42,936.96,1912.09,75.88,51.63,3091.9
B0200,Line A,4201,2279.2,795.61,239.44,234.93,187.32,334.71,1025.64,2132.23,43.1,37.59,206.05,117.15,3561.76,871.79,1919.01,164.84,33.83,3149.72
B0201,Line A,841,300.81,135.37,78.28,59.62,36.76,51.09,135.36,362.79,14.09,9.54,40.44,17.88,580.1,115.06,326.51,32.35,8.59,514.48
B0202,Line B,2224,1009.53,223.68,162.12,120.73,131.21,54.36,454.29,599.46,29.18,19.32,144.33,19.03,1265.61,386.15,539.52,115.46,17.39,1106.73
B0203,Line A,4922,3219.56,952.69,355.33,458.23,291.78,391.64,1448.8,2553.21,63.96,73.32,320.96,137.07,4597.32,1231.48,2297.89,256.77,65.99,4053.16
B0204,Line B,2292,927.9,387.43,253.88,316.9,101.61,101.93,417.56,1038.31,45.7,50.7,111.77,35.68,1699.72,354.92,934.48,89.42,45.63,1505.83
B0205,Line B,2259,1274.36,303.48,252.21,197.75,50.11,84.13,573.46,813.33,45.4,31.64,55.12,29.45,1548.39,487.44,731.99,44.1,28.48,1366.86
B0206,Line C,3712,1618.73,647.29,418.47,366.97,185.33,198.49,728.43,1734.74,75.32,58.72,203.86,69.47,2870.54,619.16,1561.26,163.09,52.84,2541.14
B0207,Line B,1489,528.37,173.3,96.95,185.1,22.86,56.97,237.77,464.44,17.45,29.62,25.15,19.94,794.36,202.1,418.0,20.12,26.65,704.26
B0208,Line C,2762,1233.18,354.44,263.18,292.71,135.43,69.57,554.93,949.9,47.37,46.83,148.97,24.35,1772.36,471.69,854.91,119.18,42.15,1559.65
B0209,Line A,2982,2207.72,621.59,184.08,431.67,165.53,59.9,993.47,1665.86,33.13,69.07,182.08,20.96,2964.58,844.45,1499.28,145.67,62.16,2605.65
B0210,Line A,1451,973.06,175.09,80.17,210.78,42.28,68.16,437.88,469.24,14.43,33.72,46.51,23.86,1025.64,372.2,422.32,37.21,30.35,900.37
B0211,Line A,1222,896.74,178.17,66.93,62.43,50.75,85.8,403.53,477.5,12.05,9.99,55.82,30.03,988.92,343.0,429.75,44.66,8.99,868.48
B0212,Line A,3889,2120.06,795.77,262.0,527.29,122.53,211.32,954.03,2132.66,47.16,84.37,134.78,73.96,3426.96,810.92,1919.4,107.83,75.93,3035.2
B0213,Line C,2579,1015.85,461.85,191.87,259.66,82.24,206.2,457.13,1237.76,34.54,41.55,90.46,72.17,1933.61,388.56,1113.98,72.37,37.39,1719.01
B0214,Line A,3217,1831.06,285.38,342.53,510.77,82.09,119.71,823.98,764.82,61.66,81.72,90.3,41.9,1864.37,700.38,688.34,72.24,73.55,1638.07
B0215,Line B,2832,1505.92,284.96,140.44,292.14,136.24,104.29,677.66,763.69,25.28,46.74,149.86,36.5,1699.74,576.01,687.32,119.89,42.07,1487.07
B0216,Line B,3876,2665.69,314.34,382.93,614.57,220.19,114.67,1199.56,842.43,68.93,98.33,242.21,40.13,2491.59,1019.63,758.19,193.77,88.5,2169.15
B0217,Line B,2000,778.47,336.66,165.03,266.01,114.08,59.69,350.31,902.25,29.71,42.56,125.49,20.89,1471.21,297.76,812.02,100.39,38.31,1299.08
B0218,Line C,785,428.06,112.0,49.48,60.72,14.71,29.13,192.63,300.16,8.91,9.72,16.18,10.2,537.79,163.73,270.14,12.94,8.74,474.66
B0219,Line A,3995,1638.03,394.7,317.31,436.35,214.68,269.94,737.11,1057.8,57.12,69.82,236.15,94.48,2252.47,626.55,952.02,188.92,62.83,1981.92
B0220,Line A,2565,1230.87,549.19,164.15,408.18,120.23,190.7,553.89,1471.83,29.55,65.31,132.25,66.74,2319.57,470.81,1324.65,105.8,58.78,2056.33
B0221,Line A,1268,817.79,195.47,111.19,183.01,28.71,99.54,368.01,523.86,20.01,29.28,31.58,34.84,1007.58,312.8,471.47,25.26,26.35,890.73
B0222,Line C,3557,1922.23,405.02,265.73,215.95,47.54,120.72,865.0,1085.45,47.83,34.55,52.29,42.25,2127.39,735.25,976.91,41.84,31.1,1875.18
B0223,Line B,4789,2396.2,718.75,254.55,611.56,112.06,349.01,1078.29,1926.25,45.82,97.85,123.27,122.15,3393.63,916.55,1733.63,98.61,88.06,3004.82
B0224,Line B,2661,1351.23,466.07,131.26,234.2,147.98,105.63,608.05,1249.07,23.63,37.47,162.78,36.97,2117.97,516.85,1124.16,130.22,33.72,1865.55
B0225,Line A,3793,2024.62,343.92,317.61,192.56,158.01,101.54,911.08,921.71,57.17,30.81,173.81,35.54,2130.11,774.42,829.54,139.05,27.73,1863.45
B0226,Line B,1446,960.15,171.29,162.23,136.48,66.59,104.4,432.07,459.06,29.2,21.84,73.25,36.54,1051.95,367.26,413.15,58.6,19.65,924.4
B0227,Line B,3835,2710.71,740.06,258.93,290.78,87.66,223.07,1219.82,1983.36,46.61,46.52,96.43,78.07,3470.81,1036.85,1785.02,77.14,41.87,3065.56
B0228,Line C,4650,3404.42,671.24,458.68,651.35,213.76,138.96,1531.99,1798.92,82.56,104.22,235.14,48.64,3801.46,1302.19,1619.03,188.11,93.79,3334.32
B0229,Line C,1981,1316.89,310.07,183.62,172.56,22.6,90.71,592.6,830.99,33.05,27.61,24.86,31.75,1540.86,503.71,747.89,19.89,24.85,1361.14
B0230,Line C,2401,1143.27,337.57,274.97,338.61,69.07,89.4,514.47,904.69,49.49,54.18,75.98,31.29,1630.1,437.3,814.22,60.78,48.76,1441.84
B0231,Line C,3951,2470.38,340.36,417.54,197.81,163.33,253.68,1111.67,912.16,75.16,31.65,179.66,88.79,2399.09,944.92,820.95,143.73,28.48,2102.03
B0232,Line A,4564,2396.29,471.03,389.44,382.74,78.98,215.44,1078.33,1262.36,70.1,61.24,86.88,75.4,2634.31,916.58,1136.12,69.5,55.11,2322.81
B0233,Line C,554,250.34,78.88,51.28,42.4,28.34,43.96,112.65,211.4,9.23,6.78,31.17,15.39,386.63,95.76,190.26,24.94,6.11,341.69
B0234,Line B,2323,1594.39,253.87,259.88,175.83,50.53,54.09,717.48,680.37,46.78,28.13,55.58,18.93,1547.27,609.85,612.33,44.47,25.32,1357.68
B0235,Line A,3962,1447.6,344.68,285.11,227.82,168.84,163.63,651.42,923.74,51.32,36.45,185.72,57.27,1905.93,553.71,831.37,148.58,32.81,1675.06
B0236,Line B,3579,2543.61,709.04,236.73,252.62,108.3,175.06,1144.62,1900.23,42.61,40.42,119.13,61.27,3308.28,972.93,1710.2,95.3,36.38,2918.69
B0237,Line B,1332,712.08,289.53,54.43,148.0,53.02,66.85,320.44,775.94,9.8,23.68,58.32,23.4,1211.57,272.37,698.35,46.66,21.31,1071.89
B0238,Line B,4908,2968.75,937.62,520.86,402.7,75.45,191.2,1335.94,2512.82,93.75,64.43,83.0,66.92,4156.86,1135.55,2261.54,66.4,57.99,3682.15
B0239,Line C,3306,2029.03,659.65,344.08,317.09,35.86,210.77,913.06,1767.86,61.93,50.73,39.45,73.77,2906.81,776.1,1591.08,31.56,45.66,2580.1
B0240,Line C,2990,2117.06,340.49,144.59,273.45,165.88,216.73,952.68,912.51,26.03,43.75,182.47,75.86,2193.29,809.78,821.26,145.97,39.38,1918.28
B0241,Line A,827,500.06,177.38,71.24,121.03,19.42,63.12,225.03,475.38,12.82,19.36,21.36,22.09,776.05,191.27,427.84,17.09,17.43,688.54
B0242,Line A,3810,2269.13,409.84,293.82,569.91,194.25,260.24,1021.11,1098.37,52.89,91.19,213.68,91.08,2568.31,867.94,988.53,170.94,82.07,2253.45
B0243,Line C,3800,1431.31,810.16,188.09,396.06,227.88,269.93,644.09,2171.23,33.86,63.37,250.67,94.48,3257.69,547.48,1954.11,200.53,57.03,2887.49
B0244,Line B,4175,2326.99,915.47,494.51,360.37,85.89,221.41,1047.15,2453.46,89.01,57.66,94.48,77.49,3819.25,890.07,2208.11,75.58,51.89,3392.15
B0245,Line A,3554,1457.38,638.44,203.2,219.45,82.66,247.19,655.82,1711.02,36.58,35.11,90.93,86.52,2615.97,557.45,1539.92,72.74,31.6,2324.81
B0246,Line C,2643,1704.66,574.48,119.94,409.33,114.03,100.99,767.1,1539.61,21.59,65.49,125.43,35.35,2554.56,652.03,1385.65,100.35,58.94,2253.91
B0247,Line C,1811,1004.9,289.28,158.62,102.55,105.53,79.52,452.2,775.27,28.55,16.41,116.08,27.83,1416.35,384.37,697.74,92.87,14.77,1246.13
B0248,Line C,3691,2296.14,429.4,365.81,305.4,205.92,144.0,1033.26,1150.79,65.85,48.86,226.51,50.4,2575.68,878.27,1035.71,181.21,43.98,2255.42
B0249,Line B,3038,1113.94,428.9,129.41,251.51,106.77,145.96,501.27,1149.45,23.29,40.24,117.45,51.09,1882.79,426.08,1034.51,93.96,36.22,1665.15
B0250,Line C,4483,1721.1,731.17,415.56,382.15,223.05,166.48,774.5,1959.54,74.8,61.14,245.36,58.27,3173.6,658.32,1763.58,196.28,55.03,2806.28
B0251,Line C,664,422.66,59.91,54.84,45.2,11.15,51.59,190.2,160.56,9.87,7.23,12.26,18.06,398.18,161.67,144.5,9.81,6.51,350.42
B0252,Line C,4777,1809.69,798.37,230.54,650.38,281.23,185.21,814.36,2139.63,41.5,104.06,309.35,64.82,3473.73,692.21,1925.67,247.48,93.65,3065.33
B0253,Line C,1322,500.38,287.36,71.13,83.91,76.96,34.22,225.17,770.12,12.8,13.43,84.66,11.98,1118.16,191.4,693.11,67.72,12.08,989.09
B0254,Line A,1443,512.04,153.85,123.29,172.93,26.24,74.47,230.42,412.32,22.19,27.67,28.86,26.06,747.53,195.86,371.09,23.09,24.9,663.19
B0255,Line A,4925,3608.06,940.49,313.76,313.34,122.98,115.37,1623.63,2520.51,56.48,50.13,135.28,40.38,4426.41,1380.08,2268.46,108.22,45.12,3898.74
B0256,Line C,1274,821.73,263.85,146.59,73.58,19.12,33.93,369.78,707.12,26.39,11.77,21.03,11.88,1147.96,314.31,636.41,16.83,10.6,1016.42
B0257,Line B,2698,1325.53,572.29,284.64,404.8,63.63,89.47,596.49,1533.74,51.24,64.77,69.99,31.31,2347.54,507.02,1380.36,55.99,58.29,2084.21
B0258,Line A,3656,1713.25,783.92,433.91,259.26,185.72,174.98,770.96,2100.91,78.1,41.48,204.29,61.24,3256.99,655.32,1890.82,163.43,37.33,2886.24
B0259,Line C,4742,2323.02,725.55,288.19,665.48,137.12,218.11,1045.36,1944.47,51.87,106.48,150.83,76.34,3375.35,888.56,1750.03,120.67,95.83,2983.3
B0260,Line A,4195,2768.12,909.57,493.24,461.07,60.49,285.18,1245.65,2437.65,88.78,73.77,66.54,99.81,4012.21,1058.81,2193.88,53.23,66.39,3560.9
B0261,Line A,3952,2428.69,735.16,294.42,231.45,107.14,254.38,1092.91,1970.23,53.0,37.03,117.85,89.03,3360.05,928.97,1773.21,94.28,33.33,2971.82
B0262,Line B,1414,599.65,145.12,95.87,219.31,83.52,64.45,269.84,388.92,17.26,35.09,91.87,22.56,825.54,229.37,350.03,73.5,31.58,724.3
B0263,Line C,1808,758.72,265.35,79.6,139.52,75.0,72.36,341.42,711.14,14.33,22.32,82.5,25.33,1197.04,290.21,640.02,66.0,20.09,1055.98
B0264,Line C,4677,1821.03,844.51,206.82,676.11,144.09,182.35,819.46,2263.29,37.23,108.18,158.5,63.82,3450.48,696.54,2036.96,126.8,97.36,3058.71
B0265,Line B,1013,622.1,116.12,96.6,69.46,18.57,67.3,279.94,311.2,17.39,11.11,20.43,23.55,663.63,237.95,280.08,16.34,10.0,585.31
B0266,Line B,2420,1586.91,410.64,185.46,348.32,143.53,55.96,714.11,1100.52,33.38,55.73,157.88,19.59,2081.21,606.99,990.46,126.31,50.16,1826.89
B0267,Line C,4094,1866.94,709.59,237.95,210.66,208.97,85.03,840.12,1901.7,42.83,33.71,229.87,29.76,3077.99,714.1,1711.53,183.89,30.34,2712.45
B0268,Line C,1909,684.14,196.2,170.13,202.92,45.96,129.3,307.86,525.82,30.62,32.47,50.56,45.26,992.58,261.68,473.23,40.44,29.22,880.45
B0269,Line B,3690,1412.79,587.12,222.24,496.82,49.83,179.44,635.76,1573.48,40.0,79.49,54.81,62.8,2446.35,540.39,1416.13,43.85,71.54,2174.71
B0270,Line A,4991,3679.09,938.45,430.28,762.76,64.04,139.01,1655.59,2515.05,77.45,122.04,70.44,48.65,4489.23,1407.25,2263.54,56.36,109.84,3963.09
B0271,Line A,2055,962.11,307.93,141.25,308.28,32.92,70.15,432.95,825.25,25.42,49.32,36.21,24.55,1393.72,368.01,742.73,28.97,44.39,1234.07
B0272,Line B,1304,857.63,106.53,138.07,182.77,50.91,99.04,385.93,285.5,24.85,29.24,56.0,34.66,816.19,328.04,256.95,44.8,26.32,715.62
B0273,Line A,1779,1067.16,144.57,187.96,262.76,100.4,127.32,480.22,387.45,33.83,42.04,110.44,44.56,1098.55,408.19,348.7,88.35,37.84,961.47
B0274,Line B,4077,2049.82,529.95,318.77,293.19,142.03,255.17,922.42,1420.27,57.38,46.91,156.23,89.31,2692.52,784.06,1278.24,124.99,42.22,2376.2
B0275,Line A,3401,1470.17,713.08,231.49,276.37,177.35,166.42,661.58,1911.05,41.67,44.22,195.08,58.25,2911.85,562.34,1719.95,156.07,39.8,2578.08
B0276,Line A,1887,752.07,211.37,130.21,154.33,60.94,96.65,338.43,566.47,23.44,24.69,67.03,33.83,1053.9,287.67,509.82,53.63,22.22,930.61
B0277,Line C,3261,1943.57,550.49,340.63,298.3,148.14,256.04,874.61,1475.31,61.31,47.73,162.95,89.61,2711.53,743.42,1327.78,130.36,42.96,2395.44
B0278,Line C,3179,2097.67,353.16,210.62,296.49,148.12,247.79,943.95,946.47,37.91,47.44,162.93,86.73,2225.43,802.36,851.82,130.35,42.69,1951.86
B0279,Line A,2606,1583.31,325.84,147.82,286.4,48.73,85.78,712.49,873.25,26.61,45.82,53.6,30.02,1741.8,605.62,785.93,42.88,41.24,1532.3
B0280,Line A,4723,2654.9,938.58,220.92,319.21,132.53,324.31,1194.71,2515.39,39.77,51.07,145.78,113.51,4060.23,1015.5,2263.85,116.63,45.97,3595.23
B0281,Line C,3268,1198.64,594.91,252.73,411.89,136.82,104.04,539.39,1594.36,45.49,65.9,150.5,36.41,2432.06,458.48,1434.92,120.4,59.31,2155.01
B0282,Line C,4453,3283.62,415.71,349.87,304.73,60.27,146.11,1477.63,1114.1,62.98,48.76,66.3,51.14,2820.9,1255.98,1002.69,53.04,43.88,2469.71
B0283,Line C,3686,2467.72,516.11,395.41,310.12,103.49,223.24,1110.47,1383.17,71.17,49.62,113.84,78.13,2806.41,943.9,1244.86,91.07,44.66,2473.79
B0284,Line B,3780,1765.75,317.84,218.1,398.29,138.88,167.45,794.59,851.81,39.26,63.73,152.77,58.61,1960.76,675.4,766.63,122.21,57.35,1719.46
B0285,Line A,3073,2280.13,452.73,216.58,422.87,183.8,233.22,1026.06,1213.32,38.98,67.66,202.18,81.63,2629.83,872.15,1091.98,161.74,60.89,2307.37
B0286,Line C,3099,1830.74,535.32,324.38,407.03,104.52,78.53,823.83,1434.66,58.39,65.12,114.97,27.49,2524.46,700.26,1291.19,91.98,58.61,2227.92
B0287,Line A,4533,2642.6,437.84,480.0,548.53,230.29,229.78,1189.17,1173.41,86.4,87.76,253.32,80.42,2870.49,1010.79,1056.07,202.66,78.99,2515.33
B0288,Line B,736,477.83,88.65,52.09,49.41,23.26,55.28,215.02,237.58,9.38,7.91,25.59,19.35,514.82,182.77,213.82,20.47,7.12,452.91
B0289,Line B,1804,1217.17,244.8,138.42,198.76,89.87,133.94,547.73,656.06,24.92,31.8,98.86,46.88,1406.24,465.57,590.46,79.09,28.62,1235.54
B0290,Line C,3930,2407.48,820.33,252.55,234.3,156.3,115.51,1083.37,2198.48,45.46,37.49,171.93,40.43,3577.16,920.86,1978.64,137.54,33.74,3156.67
B0291,Line B,1801,722.63,394.52,206.4,164.81,97.85,75.64,325.18,1057.31,37.15,26.37,107.64,26.47,1580.13,276.41,951.58,86.11,23.73,1401.45
B0292,Line A,3041,1475.82,262.4,150.5,290.38,92.89,173.78,664.12,703.23,27.09,46.46,102.18,60.82,1603.9,564.5,632.91,81.74,41.81,1408.87
B0293,Line C,2551,1839.87,475.87,292.6,138.72,102.59,75.42,827.94,1275.33,52.67,22.2,112.85,26.4,2317.38,703.75,1147.8,90.28,19.98,2040.88
B0294,Line A,941,413.9,124.25,89.12,75.41,39.05,73.47,186.26,332.99,16.04,12.07,42.96,25.71,616.02,158.32,299.69,34.36,10.86,544.98
B0295,Line A,2576,1285.08,347.62,212.59,399.59,79.52,192.9,578.29,931.62,38.27,63.93,87.47,67.52,1767.1,491.54,838.46,69.98,57.54,1563.31
B0296,Line B,3680,1924.02,683.0,156.81,570.03,63.35,110.46,865.81,1830.44,28.23,91.2,69.68,38.66,2924.03,735.94,1647.4,55.75,82.08,2588.06
B0297,Line B,3157,1659.83,658.49,246.4,280.2,46.34,86.09,746.92,1764.75,44.35,44.83,50.97,30.13,2681.97,634.88,1588.28,40.78,40.35,2378.77
B0298,Line B,4298,2558.07,916.03,312.12,235.28,46.56,107.99,1151.13,2454.96,56.18,37.64,51.22,37.8,3788.93,978.46,2209.46,40.97,33.88,3356.75
B0299,Line B,1304,948.31,209.68,68.98,90.89,69.99,97.23,426.74,561.94,12.42,14.54,76.99,34.03,1126.66,362.73,505.75,61.59,13.09,989.61
B0300,Line B,574,256.16,74.62,53.1,53.46,12.53,18.15,115.27,199.98,9.56,8.55,13.78,6.35,353.5,97.98,179.98,11.03,7.7,312.6
B0301,Line C,2675,1066.26,508.94,314.83,412.63,55.04,120.31,479.82,1363.96,56.67,66.02,60.54,42.11,2069.12,407.84,1227.56,48.44,59.42,1842.04
B0302,Line A,4424,1897.84,509.38,375.93,289.91,207.05,207.62,854.03,1365.14,67.67,46.39,227.76,72.67,2633.64,725.92,1228.62,182.2,41.75,2318.83
B0303,Line A,2589,1824.65,411.57,251.6,346.89,67.32,144.83,821.09,1103.01,45.29,55.5,74.05,50.69,2149.63,697.93,992.71,59.24,49.95,1895.81
B0304,Line A,540,328.5,70.31,24.56,33.46,19.06,13.12,147.83,188.43,4.42,5.35,20.97,4.59,371.59,125.65,169.59,16.77,4.82,325.84
B0305,Line A,2581,1198.52,443.75,189.48,407.64,46.78,86.74,539.33,1189.25,34.11,65.22,51.46,30.36,1909.73,458.43,1070.32,41.17,58.7,1693.09
B0306,Line B,2122,1435.28,241.18,104.63,195.18,123.05,161.04,645.88,646.36,18.83,31.23,135.36,56.36,1534.02,548.99,581.73,108.28,28.11,1342.3
B0307,Line A,841,584.11,89.84,74.87,113.77,44.22,62.66,262.85,240.77,13.48,18.2,48.64,21.93,605.87,223.42,216.69,38.91,16.38,530.81
B0308,Line C,4552,3134.53,949.34,523.84,399.14,242.12,304.43,1410.54,2544.23,94.29,63.86,266.33,106.55,4485.81,1198.96,2289.81,213.07,57.48,3960.16
B0309,Line C,2574,1847.03,242.61,239.23,306.42,78.09,54.48,831.16,650.19,43.06,49.03,85.9,19.07,1678.41,706.49,585.18,68.72,44.12,1466.64
B0310,Line A,1145,516.28,172.71,52.84,81.43,55.1,45.37,232.33,462.86,9.51,13.03,60.61,15.88,794.22,197.48,416.58,48.49,11.73,699.67
B0311,Line A,4763,3105.56,528.31,325.66,314.65,81.89,274.72,1397.5,1415.87,58.62,50.34,90.08,96.15,3108.57,1187.88,1274.28,72.06,45.31,2734.3
B0312,Line C,1109,592.45,94.76,93.21,169.88,11.57,40.49,266.6,253.96,16.78,27.18,12.73,14.17,591.42,226.61,228.56,10.18,24.46,520.76
B0313,Line C,954,655.21,81.13,68.93,144.0,10.49,71.14,294.84,217.43,12.41,23.04,11.54,24.9,584.16,250.62,195.69,9.23,20.74,513.59
B0314,Line B,3453,2214.74,360.95,368.41,509.74,135.81,200.39,996.63,967.35,66.31,81.56,149.39,70.14,2331.38,847.14,870.61,119.51,73.4,2047.11
B0315,Line C,2208,1458.56,444.58,232.22,262.31,72.36,53.69,656.35,1191.47,41.8,41.97,79.6,18.79,2029.98,557.9,1072.33,63.68,37.77,1792.27
B0316,Line B,3972,2432.71,474.84,353.3,551.75,142.6,296.07,1094.72,1272.57,63.59,88.28,156.86,103.62,2779.65,930.51,1145.31,125.49,79.45,2447.97
B0317,Line B,3469,1460.35,739.12,242.4,199.79,35.98,268.73,657.16,1980.84,43.63,31.97,39.58,94.06,2847.23,558.58,1782.76,31.66,28.77,2539.46
B0318,Line B,3528,2003.94,569.51,213.19,306.32,109.84,87.01,901.77,1526.29,38.37,49.01,120.82,30.45,2666.72,766.51,1373.66,96.66,44.11,2349.76
B0319,Line B,3181,2366.24,448.92,154.18,268.82,146.02,165.23,1064.81,1203.11,27.75,43.01,160.62,57.83,2557.13,905.09,1082.8,128.5,38.71,2240.68
B0320,Line B,4129,2993.34,665.65,282.39,495.15,132.68,157.74,1347.0,1783.94,50.83,79.22,145.95,55.21,3462.16,1144.95,1605.55,116.76,71.3,3044.6
B0321,Line A,4725,1735.35,719.8,345.18,421.26,220.24,205.87,780.91,1929.06,62.13,67.4,242.26,72.05,3153.82,663.77,1736.16,193.81,60.66,2788.58
B0322,Line C,3567,1483.61,664.28,335.53,236.62,77.23,109.79,667.62,1780.27,60.4,37.86,84.95,38.43,2669.53,567.48,1602.24,67.96,34.07,2370.58
B0323,Line B,1886,759.48,225.47,174.74,218.04,95.54,103.13,341.77,604.26,31.45,34.89,105.09,36.1,1153.55,290.5,543.83,84.08,31.4,1017.36
B0324,Line C,4276,2738.32,553.43,195.02,596.85,168.57,331.3,1232.24,1483.19,35.1,95.5,185.43,115.96,3147.42,1047.41,1334.87,148.34,85.95,2767.63
B0325,Line C,3366,2279.17,690.61,241.08,309.79,69.13,168.92,1025.63,1850.83,43.39,49.57,76.04,59.12,3104.59,871.78,1665.75,60.83,44.61,2745.48
B0326,Line B,3863,1681.97,820.9,210.7,249.35,84.35,96.48,756.89,2200.01,37.93,39.9,92.78,33.77,3161.27,643.35,1980.01,74.23,35.91,2805.2
B0327,Line A,4624,2554.03,947.73,242.97,331.24,191.44,264.49,1149.31,2539.92,43.73,53.0,210.58,92.57,4089.12,976.92,2285.92,168.47,47.7,3615.31
B0328,Line B,648,444.71,89.89,68.81,49.33,33.37,26.19,200.12,240.91,12.39,7.89,36.71,9.17,507.18,170.1,216.81,29.37,7.1,444.94
B0329,Line A,4350,2797.57,823.24,188.59,361.0,133.9,310.4,1258.91,2206.28,33.95,57.76,147.29,108.64,3812.83,1070.07,1985.65,117.83,51.98,3368.12
B0330,Line C,2558,1450.12,375.23,188.1,308.77,58.62,117.87,652.55,1005.62,33.86,49.4,64.48,41.25,1847.17,554.67,905.05,51.59,44.46,1630.88
B0331,Line A,1636,958.92,244.84,87.45,189.95,87.28,51.65,431.51,656.17,15.74,30.39,96.01,18.08,1247.9,366.79,590.55,76.81,27.35,1095.32
B0332,Line A,686,379.59,74.54,75.7,86.83,29.82,21.59,170.82,199.77,13.63,13.89,32.8,7.56,438.46,145.19,179.79,26.24,12.5,384.91
B0333,Line A,3354,1573.09,545.89,283.63,301.44,108.68,221.79,707.89,1462.99,51.05,48.23,119.55,77.63,2467.33,601.71,1316.69,95.64,43.41,2186.13
B0334,Line C,1750,1008.02,185.6,102.39,246.12,60.19,62.89,453.61,497.41,18.43,39.38,66.21,22.01,1097.05,385.57,447.67,52.97,35.44,962.09
B0335,Line C,1833,1146.64,231.73,147.0,132.8,37.05,121.04,515.99,621.04,26.46,21.25,40.76,42.36,1267.85,438.59,558.93,32.6,19.12,1118.06
B0336,Line A,4693,3281.95,937.21,462.35,476.78,194.01,151.83,1476.88,2511.72,83.22,76.28,213.41,53.14,4414.66,1255.35,2260.55,170.73,68.66,3891.65
B0337,Line A,4650,2811.0,506.81,542.42,642.18,129.91,182.75,1264.95,1358.25,97.64,102.75,142.9,63.96,3030.45,1075.21,1222.43,114.32,92.47,2666.03
B0338,Line B,3211,2101.43,288.87,185.07,224.18,191.96,153.9,945.64,774.17,33.31,35.87,211.16,53.86,2054.02,803.8,696.75,168.92,32.28,1788.92
B0339,Line A,2285,946.06,204.88,253.39,141.86,77.71,175.01,425.73,549.08,45.61,22.7,85.48,61.25,1189.85,361.87,494.17,68.38,20.43,1051.71
B0340,Line B,1250,668.28,264.64,143.43,184.01,42.87,94.88,300.73,709.24,25.82,29.44,47.16,33.21,1145.59,255.62,638.31,37.73,26.5,1017.19
B0341,Line A,2262,800.14,341.49,256.32,198.43,86.62,73.32,360.06,915.19,46.14,31.75,95.28,25.66,1474.09,306.05,823.67,76.23,28.57,1306.32
B0342,Line B,4420,1983.13,606.94,401.48,553.5,246.8,183.4,892.41,1626.6,72.27,88.56,271.48,64.19,3015.5,758.55,1463.94,217.18,79.7,2655.83
B0343,Line C,4960,3177.3,959.87,448.31,261.83,248.2,143.66,1429.78,2572.45,80.7,41.89,273.02,50.28,4448.13,1215.32,2315.21,218.42,37.7,3917.63
B0344,Line A,981,732.54,193.27,70.88,123.51,31.94,49.64,329.64,517.96,12.76,19.76,35.13,17.37,932.63,280.2,466.17,28.11,17.79,822.4
B0345,Line A,653,254.46,82.61,65.43,55.36,30.0,31.11,114.51,221.39,11.78,8.86,33.0,10.89,400.43,97.33,199.26,26.4,7.97,353.63
B0346,Line A,2024,1033.45,358.46,166.99,113.61,79.57,149.87,465.05,960.67,30.06,18.18,87.53,52.45,1613.94,395.29,864.61,70.02,16.36,1428.79
B0347,Line A,2620,1755.47,492.45,246.79,306.75,90.7,198.6,789.96,1319.77,44.42,49.08,99.77,69.51,2372.51,671.47,1187.79,79.82,44.17,2097.18
B0348,Line B,2843,1227.08,488.0,211.17,217.46,55.77,122.29,552.19,1307.84,38.01,34.79,61.35,42.8,2036.98,469.36,1177.06,49.08,31.31,1807.62
B0349,Line A,1740,995.34,176.13,171.42,161.03,57.76,86.14,447.9,472.03,30.86,25.76,63.54,30.15,1070.24,380.72,424.83,50.83,23.19,940.58
B0350,Line C,560,360.21,113.47,59.34,32.96,12.48,41.31,162.09,304.1,10.68,5.27,13.73,14.46,510.34,137.78,273.69,10.98,4.75,452.34
B0351,Line C,1438,857.61,223.57,74.37,95.18,80.16,98.36,385.92,599.17,13.39,15.23,88.18,34.43,1136.31,328.04,539.25,70.54,13.71,999.36
B0352,Line A,2139,909.52,255.71,228.09,177.06,57.26,43.25,409.28,685.3,41.06,28.33,62.99,15.14,1242.1,347.89,616.77,50.39,25.5,1096.75
B0353,Line C,4620,2273.75,644.64,384.49,276.62,266.17,181.12,1023.19,1727.64,69.21,44.26,292.79,63.39,3220.47,869.71,1554.87,234.23,39.83,2831.24
B0354,Line A,4726,3135.78,402.94,508.39,709.8,173.22,214.12,1411.1,1079.88,91.51,113.57,190.54,74.94,2961.54,1199.44,971.89,152.43,102.21,2592.42
B0355,Line A,4069,2326.21,398.36,303.16,206.16,169.18,137.46,1046.79,1067.6,54.57,32.99,186.1,48.11,2436.16,889.78,960.84,148.88,29.69,2131.87
B0356,Line C,1752,616.86,327.93,123.21,180.85,65.08,56.02,277.59,878.85,22.18,28.94,71.59,19.61,1298.75,235.95,790.97,57.27,26.04,1152.02
B0357,Line A,4703,3077.63,376.25,532.4,298.91,77.45,104.72,1384.93,1008.35,95.83,47.83,85.2,36.65,2658.79,1177.19,907.52,68.16,43.04,2328.39
B0358,Line C,671,244.33,92.81,40.32,56.26,19.32,39.32,109.95,248.73,7.26,9.0,21.25,13.76,409.95,93.46,223.86,17.0,8.1,363.44
B0359,Line B,1958,1269.36,299.87,210.56,297.35,29.29,70.0,571.21,803.65,37.9,47.58,32.22,24.5,1517.06,485.53,723.29,25.78,42.82,1339.82
B0360,Line A,4049,1745.09,354.89,318.74,274.47,166.61,93.7,785.29,951.11,57.37,43.92,183.27,32.8,2053.75,667.5,855.99,146.62,39.52,1799.8
B0361,Line B,4697,3443.98,1015.64,381.06,733.87,151.92,159.03,1549.79,2721.92,68.59,117.42,167.11,55.66,4680.49,1317.32,2449.72,133.69,105.68,4130.66
B0362,Line C,2822,1403.03,315.1,182.52,204.98,137.99,192.22,631.36,844.47,32.85,32.8,151.79,67.28,1760.55,536.66,760.02,121.43,29.52,1547.76
B0363,Line B,2136,1026.93,261.85,183.36,281.04,44.91,151.85,462.12,701.76,33.0,44.97,49.4,53.15,1344.4,392.8,631.58,39.52,40.47,1190.52
B0364,Line B,3615,1480.54,443.03,238.65,398.14,65.9,177.08,666.24,1187.32,42.96,63.7,72.49,61.98,2094.69,566.31,1068.59,57.99,57.33,1855.16
B0365,Line C,4590,2167.59,515.27,198.02,676.07,139.15,206.39,975.42,1380.92,35.64,108.17,153.07,72.24,2725.46,829.1,1242.83,122.45,97.35,2399.61
B0366,Line B,3504,2455.11,281.04,216.41,388.73,197.38,275.66,1104.8,753.19,38.95,62.2,217.12,96.48,2272.74,939.08,677.87,173.69,55.98,1982.05
B0367,Line B,829,620.53,150.97,33.58,90.2,37.74,26.56,279.24,404.6,6.04,14.43,41.51,9.3,755.12,237.35,364.14,33.21,12.99,663.03
B0368,Line C,4140,2058.92,891.58,489.63,296.01,128.12,136.3,926.51,2389.43,88.13,47.36,140.93,47.7,3640.08,787.54,2150.49,112.75,42.63,3229.24
B0369,Line B,4394,2326.38,489.5,515.24,300.05,157.58,164.83,1046.87,1311.86,92.74,48.01,173.34,57.69,2730.51,889.84,1180.67,138.67,43.21,2402.82
B0370,Line C,4607,2943.08,796.21,329.92,694.8,65.47,139.89,1324.39,2133.84,59.39,111.17,72.02,48.96,3749.76,1125.73,1920.46,57.61,100.05,3312.2
B0371,Line B,1841,1296.94,338.5,180.91,158.44,109.04,78.72,583.62,907.18,32.56,25.35,119.94,27.55,1696.21,496.08,816.46,95.96,22.82,1491.43
B0372,Line C,4163,2444.59,827.52,281.69,378.54,180.34,310.77,1100.07,2217.75,50.7,60.57,198.37,108.77,3736.23,935.06,1995.98,158.7,54.51,3303.72
B0373,Line C,715,362.23,99.51,66.99,95.51,17.35,40.7,163.0,266.69,12.06,15.28,19.09,14.24,490.36,138.55,240.02,15.27,13.75,433.89
B0374,Line B,838,431.61,102.58,87.52,73.13,32.93,37.47,194.22,274.91,15.75,11.7,36.22,13.11,545.93,165.09,247.42,28.98,10.53,480.88
B0375,Line B,4562,2866.06,572.72,528.01,705.86,70.59,347.01,1289.73,1534.89,95.04,112.94,77.65,121.45,3231.7,1096.27,1381.4,62.12,101.64,2857.92
B0376,Line B,3208,1126.93,576.69,231.03,420.8,187.0,73.49,507.12,1545.53,41.59,67.33,205.7,25.72,2392.98,431.05,1390.98,164.56,60.6,2114.5
B0377,Line A,3652,2183.3,709.76,374.93,422.6,68.44,119.12,982.49,1902.16,67.49,67.62,75.28,41.69,3136.72,835.11,1711.94,60.23,60.85,2777.31
B0378,Line A,2250,1107.44,237.21,137.87,330.52,95.4,121.39,498.35,635.72,24.82,52.88,104.94,42.49,1359.2,423.6,572.15,83.95,47.59,1194.6
B0379,Line A,2921,1950.29,385.37,348.26,161.99,65.06,166.3,877.63,1032.79,62.69,25.92,71.57,58.2,2128.8,745.99,929.51,57.25,23.33,1876.97
B0380,Line C,1209,468.12,249.38,50.85,94.64,55.47,27.05,210.65,668.34,9.15,15.14,61.02,9.47,973.77,179.06,601.5,48.81,13.63,861.62
B0381,Line B,4226,2473.4,815.35,373.08,427.48,206.4,186.71,1113.03,2185.14,67.15,68.4,227.04,65.35,3726.11,946.08,1966.62,181.63,61.56,3288.39
B0382,Line C,4142,2246.58,902.46,384.21,310.52,180.89,244.17,1010.96,2418.59,69.16,49.68,198.98,85.46,3832.83,859.32,2176.73,159.18,44.71,3394.56
B0383,Line A,4493,2726.94,833.88,427.03,592.31,182.98,278.05,1227.12,2234.8,76.87,94.77,201.28,97.32,3932.15,1043.05,2011.32,161.02,85.29,3474.87
B0384,Line B,988,371.43,133.43,49.04,149.3,53.97,57.59,167.14,357.59,8.83,23.89,59.37,20.16,636.97,142.07,321.83,47.49,21.5,561.88
B0385,Line C,546,317.77,88.83,62.83,52.75,7.61,21.42,143.0,238.06,11.31,8.44,8.37,7.5,416.68,121.55,214.26,6.7,7.6,368.92
B0386,Line B,3859,2217.36,665.84,210.29,338.18,102.44,98.83,997.81,1784.45,37.85,54.11,112.68,34.59,3021.5,848.14,1606.01,90.15,48.7,2665.44
B0387,Line C,900,516.84,81.89,80.84,140.19,20.17,41.06,232.58,219.47,14.55,22.43,22.19,14.37,525.58,197.69,197.52,17.75,20.19,462.07
B0388,Line B,4490,2655.36,701.47,259.59,444.21,266.71,124.49,1194.91,1879.94,46.73,71.07,293.38,43.57,3529.6,1015.68,1691.95,234.7,63.97,3096.6
B0389,Line A,3657,2269.49,655.72,236.16,379.58,107.77,281.07,1021.27,1757.33,42.51,60.73,118.55,98.37,3098.76,868.08,1581.6,94.84,54.66,2740.06
B0390,Line A,4845,3255.82,501.09,405.61,429.66,225.93,235.03,1465.12,1342.92,73.01,68.75,248.52,82.26,3280.58,1245.35,1208.63,198.82,61.87,2869.94
B0391,Line B,890,407.56,168.47,65.3,133.54,39.37,34.74,183.4,451.5,11.75,21.37,43.31,12.16,723.49,155.89,406.35,34.65,19.23,640.03
B0392,Line C,4353,2960.13,704.0,229.92,490.08,89.69,287.2,1332.06,1886.72,41.39,78.41,98.66,100.52,3537.76,1132.25,1698.05,78.93,70.57,3121.71
B0393,Line A,4930,2708.06,1051.62,264.62,659.83,108.21,245.89,1218.63,2818.34,47.63,105.57,119.03,86.06,4395.27,1035.83,2536.51,95.22,95.02,3896.27
B0394,Line A,1128,429.57,96.94,82.85,157.13,27.14,43.54,193.31,259.8,14.91,25.14,29.85,15.24,538.25,164.31,233.82,23.88,22.63,474.79
B0395,Line A,4732,1767.03,554.33,475.96,414.54,144.59,325.17,795.16,1485.6,85.67,66.33,159.05,113.81,2705.63,675.89,1337.04,127.24,59.69,2399.34
B0396,Line B,3430,1659.07,563.27,383.6,335.13,74.49,247.06,746.58,1509.56,69.05,53.62,81.94,86.47,2547.22,634.59,1358.61,65.55,48.26,2262.53
B0397,Line B,2021,1341.86,245.59,94.44,289.67,22.2,122.03,603.84,658.18,17.0,46.35,24.42,42.71,1392.5,513.26,592.36,19.54,41.71,1226.58
B0398,Line C,1326,839.45,238.71,94.74,119.28,71.56,30.26,377.75,639.74,17.05,19.08,78.72,10.59,1142.94,321.09,575.77,62.97,17.18,1004.65
B0399,Line C,2000,1330.89,372.52,96.04,274.67,116.56,107.96,598.9,998.35,17.29,43.95,128.22,37.79,1824.49,509.07,898.52,102.57,39.55,1604.79
B0400,Line C,3794,2112.91,357.97,156.8,582.41,102.74,249.64,950.81,959.36,28.22,93.19,113.01,87.37,2231.97,808.19,863.42,90.41,83.87,1961.48
B0401,Line B,2919,1535.63,443.51,271.28,346.06,78.6,82.29,691.03,1188.61,48.83,55.37,86.46,28.8,2099.1,587.38,1069.75,69.17,49.83,1853.76
B0402,Line B,1434,586.48,216.88,126.47,188.68,14.85,48.35,263.92,581.24,22.76,30.19,16.34,16.92,931.37,224.33,523.11,13.07,27.17,827.36
B0403,Line C,3542,1704.68,466.48,187.87,490.78,155.89,258.39,767.11,1250.17,33.82,78.52,171.48,90.44,2391.53,652.04,1125.15,137.18,70.67,2109.3
B0404,Line C,4997,2616.47,1052.42,293.35,714.34,256.21,105.97,1177.41,2820.49,52.8,114.29,281.83,37.09,4483.92,1000.8,2538.44,225.46,102.86,3957.45
B0405,Line B,1966,757.78,385.04,82.37,183.73,34.07,128.11,341.0,1031.91,14.83,29.4,37.48,44.84,1499.45,289.85,928.72,29.98,26.46,1334.68
B0406,Line C,4061,1779.71,721.27,433.7,225.95,73.03,196.66,800.87,1933.0,78.07,36.15,80.33,68.83,2997.26,680.74,1739.7,64.27,32.54,2664.15
B0407,Line A,1114,656.47,200.53,131.42,104.95,55.15,52.14,295.41,537.42,23.66,16.79,60.67,18.25,952.19,251.1,483.68,48.53,15.11,840.33
B0408,Line B,1682,1083.65,243.28,85.51,208.76,68.65,34.36,487.64,651.99,15.39,33.4,75.52,12.03,1275.97,414.5,586.79,60.41,30.06,1119.18
B0409,Line C,3723,2789.79,777.88,217.86,370.58,45.58,257.5,1255.41,2084.72,39.21,59.29,50.14,90.12,3578.89,1067.09,1876.25,40.11,53.36,3166.14
B0410,Line B,3167,2290.52,561.33,346.7,419.27,130.25,131.71,1030.73,1504.36,62.41,67.08,143.28,46.1,2853.96,876.12,1353.93,114.62,60.37,2513.55
B0411,Line A,630,382.43,114.7,71.89,56.24,16.03,33.04,172.09,307.4,12.94,9.0,17.63,11.56,530.63,146.28,276.66,14.11,8.1,469.65
B0412,Line B,3483,1805.93,698.82,256.24,417.34,99.04,211.2,812.67,1872.84,46.12,66.77,108.94,73.92,2981.27,690.77,1685.55,87.16,60.1,2643.62
B0413,Line B,4778,2888.16,565.57,210.47,336.88,231.67,296.99,1299.67,1515.73,37.88,53.9,254.84,103.95,3265.97,1104.72,1364.15,203.87,48.51,2863.08
B0414,Line B,4959,3294.07,957.04,213.99,656.72,250.66,383.62,1482.33,2564.87,38.52,105.08,275.73,134.27,4600.79,1259.98,2308.38,220.58,94.57,4056.3
B0415,Line B,538,213.77,57.75,46.22,59.19,16.15,27.91,96.2,154.77,8.32,9.47,17.76,9.77,296.29,81.77,139.29,14.21,8.52,261.88
B0416,Line A,4459,2291.76,572.3,318.51,323.04,255.76,196.12,1031.29,1533.76,57.33,51.69,281.34,68.64,3024.05,876.6,1380.39,225.07,46.52,2654.55
B0417,Line B,4087,2803.36,518.99,172.85,335.58,123.93,315.61,1261.51,1390.89,31.11,53.69,136.32,110.46,2984.0,1072.29,1251.8,109.06,48.32,2623.04
B0418,Line B,1420,715.02,308.13,123.06,187.93,69.0,83.11,321.76,825.79,22.15,30.07,75.9,29.09,1304.76,273.5,743.21,60.72,27.06,1155.73
B0419,Line C,3269,1891.93,653.52,133.72,336.99,111.78,123.86,851.37,1751.43,24.07,53.92,122.96,43.35,2847.1,723.66,1576.29,98.37,48.53,2514.27
B0420,Line B,4611,2697.93,821.51,474.89,340.12,253.04,127.21,1214.07,2201.65,85.48,54.42,278.34,44.52,3878.48,1031.96,1981.48,222.68,48.98,3415.1
B0421,Line C,992,420.4,180.33,64.0,155.15,54.94,69.99,189.18,483.28,11.52,24.82,60.43,24.5,793.74,160.8,434.96,48.35,22.34,702.47
B0422,Line A,1631,807.17,258.82,70.49,209.85,23.44,68.06,363.23,693.64,12.69,33.58,25.78,23.82,1152.73,308.74,624.27,20.63,30.22,1020.37
B0423,Line A,4021,1945.38,854.84,350.1,624.4,228.49,239.76,875.42,2290.97,63.02,99.9,251.34,83.92,3664.57,744.11,2061.87,201.07,89.91,3243.9
B0424,Line A,810,291.99,121.08,58.17,78.56,41.53,39.08,131.4,324.49,10.47,12.57,45.68,13.68,538.29,111.69,292.04,36.55,11.31,475.74
B0425,Line A,1238,445.28,164.99,145.97,126.6,61.36,39.54,200.38,442.17,26.27,20.26,67.5,13.84,770.41,170.32,397.96,54.0,18.23,680.62
B0426,Line C,3741,2553.9,384.67,312.51,556.57,74.99,209.87,1149.26,1030.92,56.25,89.05,82.49,73.45,2481.42,976.87,927.82,65.99,80.15,2180.53
B0427,Line B,1045,479.89,198.62,64.81,112.6,52.52,24.7,215.95,532.3,11.67,18.02,57.77,8.64,844.35,183.56,479.07,46.22,16.21,745.37
B0428,Line A,2961,1649.96,541.34,286.49,378.42,155.47,132.65,742.48,1450.79,51.57,60.55,171.02,46.43,2522.83,631.11,1305.71,136.81,54.49,2226.12
B0429,Line B,4846,2275.15,648.44,299.09,376.72,118.52,255.85,1023.82,1737.82,53.84,60.28,130.37,89.55,3095.67,870.24,1564.04,104.3,54.25,2736.22
B0430,Line C,2304,1673.33,192.45,258.83,228.42,132.74,106.36,753.0,515.77,46.59,36.55,146.01,37.23,1535.14,640.05,464.19,116.81,32.89,1337.76
B0431,Line C,3712,1684.2,732.97,259.76,236.01,46.37,240.98,757.89,1964.36,46.76,37.76,51.01,84.34,2942.12,644.21,1767.92,40.81,33.99,2618.03
B0432,Line C,4310,2249.23,351.69,361.99,313.16,75.41,300.3,1012.15,942.53,65.16,50.11,82.95,105.1,2258.0,860.33,848.28,66.36,45.1,1990.33
B0433,Line A,1313,917.91,234.39,57.83,65.79,48.42,87.02,413.06,628.17,10.41,10.53,53.26,30.46,1145.88,351.1,565.35,42.61,9.47,1009.4
B0434,Line B,4624,3175.64,998.03,342.59,251.17,179.36,103.25,1429.04,2674.72,61.67,40.19,197.3,36.14,4439.05,1214.68,2407.25,157.84,36.17,3913.75
B0435,Line B,2532,1074.68,357.7,269.88,398.79,107.0,80.13,483.61,958.64,48.58,63.81,117.7,28.05,1700.37,411.07,862.77,94.16,57.43,1502.06
B0436,Line B,4913,3296.9,554.66,513.17,376.63,53.3,256.44,1483.6,1486.49,92.37,60.26,58.63,89.75,3271.11,1261.06,1337.84,46.9,54.23,2882.15
B0437,Line C,744,396.76,132.94,43.11,91.49,43.17,56.61,178.54,356.28,7.76,14.64,47.49,19.81,624.52,151.76,320.65,37.99,13.17,551.14
B0438,Line A,771,418.8,149.88,44.78,109.71,9.43,54.05,188.46,401.68,8.06,17.55,10.37,18.92,645.04,160.19,361.51,8.3,15.8,572.78
B0439,Line C,4011,1618.01,627.72,422.7,443.51,68.8,282.98,728.1,1682.29,76.09,70.96,75.68,99.04,2732.16,618.89,1514.06,60.54,63.87,2432.49
B0440,Line C,2271,868.07,489.14,259.87,151.81,24.3,86.74,390.63,1310.9,46.78,24.29,26.73,30.36,1829.68,332.04,1179.81,21.38,21.86,1632.23
B0441,Line B,1762,1129.75,153.71,83.92,229.22,67.56,80.64,508.39,411.94,15.11,36.68,74.32,28.22,1074.65,432.13,370.75,59.45,33.01,938.67
B0442,Line C,2924,1604.06,440.56,222.24,339.26,165.54,141.06,721.83,1180.7,40.0,54.28,182.09,49.37,2228.28,613.55,1062.63,145.68,48.85,1960.08
B0443,Line B,4861,2550.76,877.82,325.67,634.06,210.47,143.12,1147.84,2352.56,58.62,101.45,231.52,50.09,3942.08,975.67,2117.3,185.21,91.3,3478.19
B0444,Line A,1420,911.36,285.09,155.71,191.23,72.61,31.05,410.11,764.04,28.03,30.6,79.87,10.87,1323.52,348.6,687.64,63.9,27.54,1166.58
B0445,Line B,3930,2578.89,413.03,183.46,618.17,41.91,301.88,1160.5,1106.92,33.02,98.91,46.1,105.66,2551.11,986.43,996.23,36.88,89.02,2247.24
B0446,Line A,4935,2040.93,947.52,280.75,558.11,183.09,169.97,918.42,2539.35,50.54,89.3,201.4,59.49,3858.49,780.66,2285.42,161.12,80.37,3417.6
B0447,Line B,4984,2960.94,784.38,499.38,436.5,164.36,171.43,1332.42,2102.14,89.89,69.84,180.8,60.0,3835.09,1132.56,1891.92,144.64,62.86,3381.87
B0448,Line C,3124,1262.54,423.36,137.78,379.04,109.18,78.11,568.14,1134.6,24.8,60.65,120.1,27.34,1935.63,482.92,1021.14,96.08,54.58,1706.86
B0449,Line C,4260,2771.34,419.35,338.26,245.07,57.98,322.53,1247.1,1123.86,60.89,39.21,63.78,112.89,2647.72,1060.04,1011.47,51.02,35.29,2331.6
B0450,Line A,2550,1562.59,512.91,192.19,379.22,112.77,139.7,703.17,1374.6,34.59,60.68,124.05,48.9,2345.98,597.69,1237.14,99.24,54.61,2072.17
B0451,Line A,4000,2930.58,408.07,267.01,252.53,140.64,240.09,1318.76,1093.63,48.06,40.4,154.7,84.03,2739.59,1120.95,984.26,123.76,36.36,2397.42
B0452,Line A,1665,628.68,205.41,119.16,143.29,80.35,124.37,282.91,550.5,21.45,22.93,88.38,43.53,1009.69,240.47,495.45,70.71,20.63,892.24
B0453,Line B,875,326.22,105.53,72.1,122.27,29.98,35.65,146.8,282.82,12.98,19.56,32.98,12.48,507.62,124.78,254.54,26.38,17.61,448.77
B0454,Line B,2533,1172.46,511.66,134.02,293.08,44.25,145.12,527.61,1371.25,24.12,46.89,48.68,50.79,2069.34,448.47,1234.12,38.94,42.2,1838.64
B0455,Line A,645,293.27,112.35,55.31,60.18,27.36,14.4,131.97,301.1,9.96,9.63,30.1,5.04,487.79,112.18,270.99,24.08,8.67,430.92
B0456,Line C,4888,2193.69,936.23,510.48,498.96,91.01,152.54,987.16,2509.1,91.89,79.83,100.11,53.39,3821.48,839.09,2258.19,80.09,71.85,3394.5
B0457,Line B,931,663.34,107.13,93.86,134.06,49.92,65.05,298.5,287.11,16.89,21.45,54.91,22.77,701.64,253.73,258.4,43.93,19.3,615.02
B0458,Line B,1204,541.58,201.65,62.98,105.23,48.95,79.47,243.71,540.42,11.34,16.84,53.85,27.81,893.97,207.15,486.38,43.08,15.15,790.91
B0459,Line B,3132,1436.9,501.26,162.68,456.21,55.94,128.53,646.6,1343.38,29.28,72.99,61.53,44.99,2198.78,549.61,1209.04,49.23,65.69,1947.84
B0460,Line A,4994,3264.87,981.8,306.9,298.12,290.24,212.79,1469.19,2631.22,55.24,47.7,319.26,74.48,4597.1,1248.81,2368.1,255.41,42.93,4044.97
B0461,Line A,1463,775.24,302.62,100.78,198.16,52.55,76.1,348.86,811.02,18.14,31.71,57.8,26.64,1294.17,296.53,729.92,46.24,28.54,1146.01
B0462,Line A,2734,1806.31,223.37,198.7,391.59,37.31,54.72,812.84,598.63,35.77,62.65,41.04,19.15,1570.08,690.91,538.77,32.83,56.39,1373.82
B0463,Line A,2541,955.79,443.06,239.81,177.87,105.05,87.6,430.11,1187.4,43.17,28.46,115.56,30.66,1835.35,365.59,1068.66,92.44,25.61,1626.13
B0464,Line A,2328,1268.83,203.13,103.68,226.6,52.75,75.65,570.97,544.39,18.66,36.26,58.03,26.48,1254.78,485.33,489.95,46.42,32.63,1099.47
B0465,Line C,2608,947.87,409.04,111.55,177.88,130.88,91.36,426.54,1096.23,20.08,28.46,143.97,31.98,1747.25,362.56,986.6,115.17,25.61,1542.0
B0466,Line C,4568,1713.28,549.39,325.94,583.45,232.47,312.24,770.98,1472.37,58.67,93.35,255.72,109.28,2760.36,655.33,1325.13,204.57,84.02,2437.0
B0467,Line A,1438,1024.68,176.8,137.72,156.58,84.77,52.89,461.11,473.82,24.79,25.05,93.25,18.51,1096.53,391.94,426.44,74.6,22.55,958.83
B0468,Line B,1306,529.84,169.01,72.45,156.57,45.83,41.13,238.43,452.95,13.04,25.05,50.41,14.4,794.28,202.66,407.65,40.33,22.55,700.63
B0469,Line A,1963,1105.11,327.78,179.26,140.58,64.28,98.65,497.3,878.45,32.27,22.49,70.71,34.53,1535.74,422.7,790.61,56.57,20.24,1356.92
B0470,Line C,3915,2014.03,496.29,237.98,286.94,186.64,281.64,906.31,1330.06,42.84,45.91,205.3,98.57,2629.0,770.37,1197.05,164.24,41.32,2314.39
B0471,Line C,510,249.36,93.11,56.55,27.83,8.48,17.59,112.21,249.53,10.18,4.45,9.33,6.16,391.86,95.38,224.58,7.46,4.01,347.77
B0472,Line B,2368,1681.12,323.55,264.4,202.29,88.43,58.52,756.5,867.11,47.59,32.37,97.27,20.48,1821.33,643.03,780.4,77.82,29.13,1598.45
B0473,Line C,1384,496.48,123.96,88.28,154.42,51.64,57.28,223.42,332.21,15.89,24.71,56.8,20.05,673.08,189.9,298.99,45.44,22.24,592.51
B0474,Line A,4064,2501.46,771.05,237.34,586.73,58.82,263.59,1125.66,2066.41,42.72,93.88,64.7,92.26,3485.63,956.81,1859.77,51.76,84.49,3087.81
B0475,Line B,1889,1389.09,226.69,137.72,233.03,58.37,100.2,625.09,607.53,24.79,37.28,64.21,35.07,1393.97,531.33,546.78,51.37,33.56,1222.9
B0476,Line A,3901,2239.44,548.43,231.11,381.88,205.44,269.2,1007.75,1469.79,41.6,61.1,225.98,94.22,2900.44,856.59,1322.81,180.79,54.99,2551.0
B0477,Line A,4821,3493.92,848.31,452.17,746.5,254.59,373.99,1572.26,2273.47,81.39,119.44,280.05,130.9,4457.51,1336.42,2046.12,224.04,107.5,3926.37
B0478,Line B,1324,491.08,167.54,140.46,170.95,19.81,89.45,220.99,449.01,25.28,27.35,21.79,31.31,775.73,187.84,404.11,17.43,24.62,690.59
B0479,Line A,2765,1430.94,243.1,259.49,421.16,40.19,155.47,643.92,651.51,46.71,67.39,44.21,54.41,1508.15,547.33,586.36,35.37,60.65,1330.83
B0480,Line C,1436,652.03,190.05,152.14,155.14,33.22,71.23,293.41,509.33,27.39,24.82,36.54,24.93,916.43,249.4,458.4,29.23,22.34,811.69
B0481,Line A,3300,2119.68,700.34,236.81,258.98,177.34,73.93,953.86,1876.91,42.63,41.44,195.07,25.88,3135.78,810.78,1689.22,156.06,37.29,2761.86
B0482,Line B,3053,2266.91,518.53,160.3,170.39,50.21,241.37,1020.11,1389.66,28.85,27.26,55.23,84.48,2605.6,867.09,1250.69,44.18,24.54,2299.83
B0483,Line B,4345,1966.6,756.06,430.31,564.28,199.87,186.87,884.97,2026.24,77.46,90.28,219.86,65.4,3364.21,752.22,1823.62,175.89,81.26,2975.85
B0484,Line B,2296,1404.39,386.92,158.05,145.44,34.57,66.89,631.98,1036.95,28.45,23.27,38.03,23.41,1782.08,537.18,933.25,30.42,20.94,1573.65
B0485,Line A,553,237.37,59.65,51.82,46.07,22.76,33.18,106.82,159.86,9.33,7.37,25.04,11.61,320.03,90.79,143.88,20.03,6.63,282.27
B0486,Line B,1226,706.34,169.88,75.58,133.11,34.09,45.43,317.85,455.28,13.6,21.3,37.5,15.9,861.43,270.18,409.75,30.0,19.17,758.6
B0487,Line B,3236,1733.11,599.09,150.47,362.71,160.01,178.45,779.9,1605.56,27.08,58.03,176.01,62.46,2709.05,662.91,1445.01,140.81,52.23,2390.5
B0488,Line A,3670,2711.4,345.69,438.22,425.96,79.58,202.61,1220.13,926.45,78.88,68.15,87.54,70.91,2452.06,1037.11,833.8,70.03,61.34,2152.07
B0489,Line C,2413,1431.9,286.9,126.67,164.78,101.25,112.79,644.36,768.89,22.8,26.36,111.38,39.48,1613.26,547.7,692.0,89.1,23.73,1414.81
B0490,Line A,2096,1026.63,248.76,249.58,192.35,45.66,147.07,461.98,666.68,44.92,30.78,50.23,51.47,1306.06,392.69,600.01,40.18,27.7,1156.97
B0491,Line B,2414,955.07,339.13,285.29,284.59,110.28,86.66,429.78,908.87,51.35,45.53,121.31,30.33,1587.18,365.31,817.98,97.05,40.98,1403.0
B0492,Line B,2966,1217.54,644.37,307.0,464.71,159.23,139.16,547.89,1726.91,55.26,74.35,175.15,48.71,2628.28,465.71,1554.22,140.12,66.92,2330.94
B0493,Line A,3237,1424.69,289.55,300.24,420.94,52.89,169.17,641.11,775.99,54.04,67.35,58.18,59.21,1655.89,544.94,698.39,46.54,60.62,1463.74
B0494,Line C,1349,607.57,205.88,116.32,204.36,71.94,80.69,273.41,551.76,20.94,32.7,79.13,28.24,986.18,232.4,496.58,63.31,29.43,870.9
B0495,Line B,2609,1800.85,274.23,285.13,349.2,103.52,174.9,810.38,734.94,51.32,55.87,113.87,61.22,1827.6,688.83,661.44,91.1,50.28,1604.19
B0496,Line B,502,288.39,108.38,31.7,57.77,8.21,21.93,129.78,290.46,5.71,9.24,9.03,7.68,451.89,110.31,261.41,7.22,8.32,400.65
B0497,Line B,4755,2659.74,455.83,368.11,338.19,149.2,279.42,1196.88,1221.62,66.26,54.11,164.12,97.8,2800.79,1017.35,1099.46,131.3,48.7,2460.87
B0498,Line A,4569,1808.9,623.69,409.16,563.52,82.44,132.67,814.01,1671.49,73.65,90.16,90.68,46.43,2786.42,691.9,1504.34,72.55,81.15,2470.02
B0499,Line B,1392,966.13,255.16,101.47,165.05,62.66,105.73,434.76,683.83,18.26,26.41,68.93,37.01,1269.19,369.54,615.45,55.14,23.77,1119.17
B0500,Line C,2530,1616.99,451.95,187.72,294.17,121.3,108.75,727.65,1211.23,33.79,47.07,133.43,38.06,2191.22,618.5,1090.1,106.74,42.36,1929.55
B0501,Line B,3660,1380.07,509.41,243.11,380.19,55.96,233.4,621.03,1365.22,43.76,60.83,61.56,81.69,2234.09,527.88,1228.7,49.24,54.75,1986.02
B0502,Line B,2876,1820.89,369.6,244.86,311.05,101.54,61.03,819.4,990.53,44.07,49.77,111.69,21.36,2036.83,696.49,891.48,89.36,44.79,1787.55
B0503,Line C,2433,1380.52,330.07,262.88,211.16,123.43,78.61,621.23,884.59,47.32,33.79,135.77,27.51,1750.21,528.05,796.13,108.62,30.41,1538.04
B0504,Line B,1880,719.46,219.96,105.51,201.39,106.8,92.54,323.76,589.49,18.99,32.22,117.48,32.39,1114.33,275.19,530.54,93.98,29.0,980.09
B0505,Line A,4181,2229.81,454.67,479.79,299.91,149.16,303.94,1003.41,1218.52,86.36,47.99,164.08,106.38,2626.73,852.9,1096.66,131.26,43.19,2316.75
B0506,Line A,1790,973.54,264.25,170.28,248.04,102.95,92.43,438.09,708.19,30.65,39.69,113.25,32.35,1362.22,372.38,637.37,90.6,35.72,1199.07
B0507,Line A,2140,890.9,251.65,226.54,150.73,78.72,162.2,400.9,674.42,40.78,24.12,86.59,56.77,1283.58,340.77,606.98,69.27,21.71,1136.28
B0508,Line C,3182,2317.38,382.62,268.86,188.84,94.54,156.01,1042.82,1025.42,48.39,30.21,103.99,54.6,2305.45,886.4,922.88,83.2,27.19,2022.66
B0509,Line B,1487,1026.02,255.68,152.21,145.71,77.93,73.5,461.71,685.22,27.4,23.31,85.72,25.72,1309.09,392.45,616.7,68.58,20.98,1151.83
B0510,Line A,1718,1061.05,370.39,70.95,210.31,59.53,46.7,477.47,992.65,12.77,33.65,65.48,16.34,1598.37,405.85,893.38,52.39,30.28,1411.01
B0511,Line C,1855,992.27,305.16,195.65,182.07,62.32,126.44,446.52,817.83,35.22,29.13,68.55,44.25,1441.5,379.54,736.05,54.84,26.22,1276.12
B0512,Line B,4765,2452.58,432.55,205.9,383.31,164.47,165.91,1103.66,1159.23,37.06,61.33,180.92,58.07,2600.27,938.11,1043.31,144.73,55.2,2276.48
B0513,Line C,4635,2829.15,419.85,515.38,516.33,242.59,342.88,1273.12,1125.2,92.77,82.61,266.85,120.01,2960.55,1082.15,1012.68,213.48,74.35,2595.44
B0514,Line A,2060,1170.44,439.19,245.88,181.63,106.29,153.78,526.7,1177.03,44.26,29.06,116.92,53.82,1947.79,447.69,1059.33,93.54,26.15,1724.79
B0515,Line A,1918,719.08,233.27,121.84,292.72,57.88,146.92,323.59,625.16,21.93,46.84,63.67,51.42,1132.61,275.05,562.65,50.93,42.15,1004.13
B0516,Line A,1454,806.97,135.06,82.62,220.27,38.77,74.46,363.14,361.96,14.87,35.24,42.65,26.06,843.92,308.67,325.76,34.12,31.72,741.2
B0517,Line C,1483,997.41,243.01,150.12,156.1,51.31,89.91,448.83,651.27,27.02,24.98,56.44,31.47,1240.01,381.51,586.14,45.15,22.48,1093.77
B0518,Line C,1474,786.67,246.62,88.8,126.86,56.95,98.33,354.0,660.94,15.98,20.3,62.65,34.42,1148.29,300.9,594.85,50.12,18.27,1014.54
B0519,Line A,4633,1717.84,791.27,506.13,607.31,101.54,129.08,773.03,2120.6,91.1,97.17,111.69,45.18,3238.78,657.07,1908.54,89.36,87.45,2878.7
B0520,Line C,4472,2971.69,525.18,215.67,241.66,222.25,250.69,1337.26,1407.48,38.82,38.67,244.48,87.74,3154.45,1136.67,1266.73,195.58,34.8,2760.34
B0521,Line A,1413,608.36,116.03,70.76,144.44,48.5,31.17,273.76,310.96,12.74,23.11,53.35,10.91,684.83,232.7,279.86,42.68,20.8,599.69
B0522,Line A,536,243.05,115.29,63.43,46.63,14.31,26.72,109.37,308.98,11.42,7.46,15.74,9.35,462.32,92.97,278.08,12.59,6.71,411.12
B0523,Line B,3887,1616.54,447.49,365.02,587.94,59.63,113.85,727.44,1199.27,65.7,94.07,65.59,39.85,2191.93,618.33,1079.35,52.47,84.66,1940.36
B0524,Line C,2211,1065.89,386.14,238.24,113.47,48.51,68.49,479.65,1034.86,42.88,18.16,53.36,23.97,1652.88,407.7,931.37,42.69,16.34,1464.95
B0525,Line A,3520,2297.51,629.83,232.13,390.05,202.27,147.5,1033.88,1687.94,41.78,62.41,222.5,51.62,3100.14,878.8,1519.15,178.0,56.17,2725.52
B0526,Line A,1295,722.29,214.19,121.88,170.26,32.71,59.5,325.03,574.03,21.94,27.24,35.98,20.82,1005.05,276.28,516.63,28.78,24.52,888.97
B0527,Line C,4536,1959.34,561.59,397.08,468.8,83.66,260.32,881.7,1505.06,71.47,75.01,92.03,91.11,2716.38,749.45,1354.56,73.62,67.51,2407.72
B0528,Line B,3611,2531.79,425.93,318.68,214.47,119.28,88.35,1139.31,1141.49,57.36,34.32,131.21,30.92,2534.61,968.41,1027.34,104.97,30.88,2219.88
B0529,Line B,1824,1280.14,298.54,172.56,286.31,46.25,91.6,576.06,800.09,31.06,45.81,50.88,32.06,1535.96,489.65,720.08,40.7,41.23,1354.78
B0530,Line A,817,570.46,164.42,70.29,87.4,9.61,25.29,256.71,440.65,12.65,13.98,10.57,8.85,743.41,218.2,396.58,8.46,12.59,657.33
B0531,Line C,2896,1290.22,615.52,215.25,340.46,75.75,157.65,580.6,1649.59,38.74,54.47,83.32,55.18,2461.91,493.51,1484.63,66.66,49.03,2187.75
B0532,Line B,2662,1412.18,252.43,165.24,202.38,99.04,155.05,635.48,676.51,29.74,32.38,108.94,54.27,1537.33,540.16,608.86,87.16,29.14,1349.33
B0533,Line C,3245,2414.27,329.94,329.32,334.83,121.97,173.29,1086.42,884.24,59.28,53.57,134.17,60.65,2278.33,923.46,795.82,107.33,48.22,1994.76
B0534,Line C,2091,1377.56,443.84,121.49,203.26,58.19,134.45,619.9,1189.49,21.87,32.52,64.01,47.06,1974.85,526.92,1070.54,51.21,29.27,1746.87
B0535,Line A,3611,1303.09,661.23,344.45,210.3,116.87,144.93,586.39,1772.1,62.0,33.65,128.56,50.73,2633.42,498.43,1594.89,102.85,30.28,2339.18
B0536,Line B,4430,1666.04,902.03,259.89,273.23,258.16,291.97,749.72,2417.44,46.78,43.72,283.98,102.19,3643.82,637.26,2175.7,227.18,39.35,3228.46
B0537,Line A,2496,1336.79,270.49,224.71,354.74,72.05,114.73,601.56,724.91,40.45,56.76,79.26,40.16,1543.09,511.32,652.42,63.4,51.08,1358.83
B0538,Line B,1812,1293.2,294.02,180.78,138.4,41.52,88.88,581.94,787.97,32.54,22.14,45.67,31.11,1501.38,494.65,709.18,36.54,19.93,1323.95
B0539,Line B,1785,1009.38,318.01,102.63,127.53,39.58,105.11,454.22,852.27,18.47,20.4,43.54,36.79,1425.69,386.09,767.04,34.83,18.36,1261.58
B0540,Line B,4811,2641.84,842.96,215.51,507.75,158.23,101.52,1188.83,2259.13,38.79,81.24,174.05,35.53,3777.58,1010.5,2033.22,139.24,73.12,3330.4
B0541,Line B,2883,1130.68,395.38,145.53,387.94,138.31,170.79,508.81,1059.62,26.2,62.07,152.14,59.78,1868.61,432.49,953.66,121.71,55.86,1649.7
B0542,Line B,3739,2290.93,307.18,330.83,212.43,75.9,213.55,1030.92,823.24,59.55,33.99,83.49,74.74,2105.93,876.28,740.92,66.79,30.59,1848.87
B0543,Line C,2639,1791.46,426.49,284.9,299.39,119.98,101.84,806.16,1142.99,51.28,47.9,131.98,35.64,2215.96,685.23,1028.69,105.58,43.11,1949.53
B0544,Line A,2204,1106.78,254.42,96.09,139.1,24.37,55.43,498.05,681.85,17.3,22.26,26.81,19.4,1265.66,423.34,613.66,21.45,20.03,1115.18
B0545,Line C,862,569.13,123.3,85.11,46.56,26.68,21.94,256.11,330.44,15.32,7.45,29.35,7.68,646.35,217.69,297.4,23.48,6.7,568.27
B0546,Line B,3104,2283.89,664.45,208.92,173.21,151.45,234.02,1027.75,1780.73,37.61,27.71,166.6,81.91,3122.3,873.59,1602.65,133.28,24.94,2753.98
B0547,Line A,2216,956.22,301.08,173.47,314.14,59.69,135.97,430.3,806.89,31.22,50.26,65.66,47.59,1431.93,365.75,726.2,52.53,45.24,1268.53
B0548,Line B,4951,2769.25,978.18,565.94,311.8,189.06,136.78,1246.16,2621.52,101.87,49.89,207.97,47.87,4275.28,1059.24,2359.37,166.37,44.9,3779.62
B0549,Line A,4786,2224.8,509.21,318.55,263.07,96.91,198.16,1001.16,1364.68,57.34,42.09,106.6,69.36,2641.23,850.99,1228.21,85.28,37.88,2329.06
B0550,Line C,4238,2827.35,738.02,327.29,416.04,199.61,235.42,1272.31,1977.89,58.91,66.57,219.57,82.4,3677.65,1081.46,1780.1,175.66,59.91,3238.44
B0551,Line A,2969,1725.1,643.62,122.01,424.09,37.45,208.23,776.3,1724.9,21.96,67.85,41.2,72.88,2705.09,659.85,1552.41,32.96,61.07,2401.13
B0552,Line A,1056,637.65,99.54,49.13,83.28,55.57,23.89,286.94,266.77,8.84,13.32,61.13,8.36,645.37,243.9,240.09,48.9,11.99,562.08
B0553,Line A,1325,886.64,107.54,80.41,127.71,26.38,45.31,398.99,288.21,14.47,20.43,29.02,15.86,766.98,339.14,259.39,23.21,18.39,670.46
B0554,Line A,3308,1681.75,465.44,139.69,179.93,177.71,242.76,756.79,1247.38,25.14,28.79,195.48,84.97,2338.55,643.27,1122.64,156.38,25.91,2058.31
B0555,Line A,3219,2304.92,299.26,291.35,319.96,88.93,66.15,1037.21,802.02,52.44,51.19,97.82,23.15,2063.84,881.63,721.82,78.26,46.07,1803.37
B0556,Line B,4008,2257.35,740.57,297.04,455.06,184.91,128.59,1015.81,1984.73,53.47,72.81,203.4,45.01,3375.22,863.44,1786.25,162.72,65.53,2976.42
B0557,Line A,4241,1752.3,882.28,355.61,478.38,110.1,328.85,788.54,2364.51,64.01,76.54,121.11,115.1,3529.8,670.25,2128.06,96.89,68.89,3143.2
B0558,Line A,2074,1303.22,291.94,111.94,179.54,114.68,117.81,586.45,782.4,20.15,28.73,126.15,41.23,1585.11,498.48,704.16,100.92,25.85,1390.79
B0559,Line C,4498,3001.54,522.76,286.41,381.02,73.46,160.58,1350.69,1401.0,51.55,60.96,80.81,56.2,3001.22,1148.09,1260.9,64.64,54.87,2636.25
B0560,Line A,2629,1253.26,370.21,244.78,162.28,49.76,63.15,563.97,992.16,44.06,25.96,54.74,22.1,1702.99,479.37,892.95,43.79,23.37,1505.64
B0561,Line C,2903,2011.41,526.26,340.3,262.28,100.59,62.97,905.13,1410.38,61.25,41.96,110.65,22.04,2551.42,769.36,1269.34,88.52,37.77,2248.28
B0562,Line B,3829,2728.0,311.17,168.6,233.36,53.98,132.81,1227.6,833.94,30.35,37.34,59.38,46.48,2235.08,1043.46,750.54,47.5,33.6,1951.93
B0563,Line A,1088,501.31,176.83,121.02,146.15,21.54,79.3,225.59,473.9,21.78,23.38,23.69,27.76,796.11,191.75,426.51,18.96,21.05,707.81
B0564,Line C,2512,1867.44,416.64,216.41,392.6,143.66,112.93,840.35,1116.6,38.95,62.82,158.03,39.53,2256.26,714.3,1004.94,126.42,56.53,1980.67
B0565,Line C,2047,831.66,346.51,174.23,320.78,120.41,129.41,374.25,928.65,31.36,51.32,132.45,45.29,1563.32,318.11,835.78,105.96,46.19,1382.69
B0566,Line B,794,342.06,90.42,63.54,115.26,22.88,59.63,153.93,242.33,11.44,18.44,25.17,20.87,472.17,130.84,218.09,20.13,16.6,417.97
B0567,Line A,2485,1052.87,447.22,113.2,288.48,139.57,110.54,473.79,1198.55,20.38,46.16,153.53,38.69,1931.09,402.72,1078.69,122.82,41.54,1704.84
B0568,Line A,3617,2559.37,335.64,170.69,459.7,134.7,113.85,1151.72,899.52,30.72,73.55,148.17,39.85,2343.53,978.96,809.56,118.54,66.2,2043.83
B0569,Line C,2190,1339.66,236.3,192.88,178.21,51.44,111.75,602.85,633.28,34.72,28.51,56.58,39.11,1395.06,512.42,569.96,45.27,25.66,1227.14
B0570,Line A,1636,672.14,331.86,110.06,195.31,73.82,121.86,302.46,889.38,19.81,31.25,81.2,42.65,1366.76,257.09,800.45,64.96,28.12,1213.08
B0571,Line C,2564,1349.0,470.29,290.71,256.71,110.11,175.02,607.05,1260.38,52.33,41.07,121.12,61.26,2143.21,515.99,1134.34,96.9,36.97,1897.79
B0572,Line A,4955,2953.77,405.94,359.37,510.47,294.61,118.67,1329.2,1087.92,64.69,81.68,324.07,41.53,2929.08,1129.82,979.13,259.26,73.51,2547.94
B0573,Line C,1507,577.76,172.96,77.55,200.97,35.04,92.76,259.99,463.53,13.96,32.16,38.54,32.47,840.65,220.99,417.18,30.84,28.94,744.38
B0574,Line A,3014,2118.74,331.59,292.89,244.17,131.42,163.7,953.43,888.66,52.72,39.07,144.56,57.29,2135.74,810.42,799.8,115.65,35.16,1871.04
B0575,Line B,4026,2703.22,474.72,255.52,342.15,50.73,299.73,1216.45,1272.25,45.99,54.74,55.8,104.91,2750.14,1033.98,1145.02,44.64,49.27,2423.81
B0576,Line A,1747,964.49,200.31,143.32,265.04,27.4,47.78,434.02,536.83,25.8,42.41,30.14,16.72,1085.92,368.92,483.15,24.11,38.17,956.87
B0577,Line A,4402,3243.62,390.69,421.83,247.32,44.88,229.09,1459.63,1047.05,75.93,39.57,49.37,80.18,2751.73,1240.68,942.34,39.49,35.61,2414.23
B0578,Line B,1935,1000.6,279.13,216.76,200.12,116.05,140.81,450.27,748.07,39.02,32.02,127.66,49.28,1446.31,382.73,673.26,102.12,28.82,1275.23
B0579,Line A,1071,796.44,195.55,110.71,161.09,53.67,47.77,358.4,524.07,19.93,25.77,59.04,16.72,1003.93,304.64,471.67,47.23,23.2,883.39
B0580,Line B,2882,1778.68,475.36,271.22,337.6,142.19,140.99,800.41,1273.96,48.82,54.02,156.41,49.35,2382.96,680.35,1146.57,125.13,48.61,2098.83
B0581,Line A,1745,1053.75,303.98,164.68,192.13,61.92,42.28,474.19,814.67,29.64,30.74,68.11,14.8,1432.15,403.06,733.2,54.49,27.67,1262.86
B0582,Line C,2584,1075.93,236.08,298.9,200.19,64.61,94.8,484.17,632.69,53.8,32.03,71.07,33.18,1306.95,411.54,569.42,56.86,28.83,1153.63
B0583,Line C,777,546.05,165.66,49.47,68.19,13.65,30.67,245.72,443.97,8.9,10.91,15.02,10.73,735.26,208.86,399.57,12.01,9.82,649.89
B0584,Line A,2387,1243.62,471.17,95.69,343.07,57.85,183.1,559.63,1262.74,17.22,54.89,63.64,64.08,2022.2,475.68,1136.46,50.91,49.4,1793.75
B0585,Line A,1765,732.29,340.14,109.0,196.82,50.83,65.23,329.53,911.58,19.62,31.49,55.91,22.83,1370.96,280.1,820.42,44.73,28.34,1216.04
B0586,Line A,1540,546.77,300.64,88.44,164.2,73.64,73.38,246.05,805.72,15.92,26.27,81.0,25.68,1200.64,209.14,725.14,64.8,23.64,1064.32
B0587,Line C,1417,813.22,298.39,131.71,86.37,52.41,85.41,365.95,799.69,23.71,13.82,57.65,29.89,1290.71,311.06,719.72,46.12,12.44,1142.94
B0588,Line A,1385,776.93,216.33,125.62,71.69,19.22,41.18,349.62,579.76,22.61,11.47,21.14,14.41,999.02,297.18,521.79,16.91,10.32,883.22
B0589,Line C,3252,2073.94,351.34,284.47,507.33,35.45,159.95,933.27,941.59,51.2,81.17,39.0,55.98,2102.22,793.28,847.43,31.2,73.06,1852.15
B0590,Line B,521,367.88,86.67,21.52,47.66,7.88,33.51,165.55,232.28,3.87,7.63,8.67,11.73,429.72,140.71,209.05,6.93,6.86,379.15
B0591,Line C,3691,1409.09,679.16,362.83,429.46,112.67,265.79,634.09,1820.15,65.31,68.71,123.94,93.03,2805.23,538.98,1638.13,99.15,61.84,2496.44
B0592,Line C,2853,1833.33,522.98,187.96,167.67,161.65,164.26,825.0,1401.59,33.83,26.83,177.82,57.49,2522.55,701.25,1261.43,142.25,24.14,2220.39
B0593,Line B,1186,504.01,181.46,110.54,148.42,49.66,71.33,226.8,486.31,19.9,23.75,54.63,24.97,836.35,192.78,437.68,43.7,21.37,740.4
B0594,Line C,784,543.52,70.23,66.27,119.62,39.27,21.62,244.58,188.22,11.93,19.14,43.2,7.57,514.63,207.9,169.39,34.56,17.23,448.58
B0595,Line A,4247,2877.88,560.42,286.33,481.28,141.5,325.94,1295.05,1501.93,51.54,77.0,155.65,114.08,3195.24,1100.79,1351.73,124.52,69.3,2811.96
B0596,Line A,1262,714.69,263.64,64.07,80.61,35.44,35.28,321.61,706.56,11.53,12.9,38.98,12.35,1103.93,273.37,635.9,31.19,11.61,975.95
B0597,Line C,2928,1856.64,473.82,139.24,333.76,45.15,194.65,835.49,1269.84,25.06,53.4,49.66,68.13,2301.58,710.16,1142.85,39.73,48.06,2033.99
B0598,Line A,3007,1430.55,467.19,320.31,403.83,161.77,107.92,643.75,1252.07,57.66,64.61,177.95,37.77,2233.8,547.19,1126.86,142.36,58.15,1969.99
B0599,Line C,528,284.31,62.11,59.91,50.0,25.96,40.14,127.94,166.45,10.78,8.0,28.56,14.05,355.78,108.75,149.81,22.84,7.2,313.43
B0600,Line A,1406,954.19,185.01,129.33,206.38,25.88,88.86,429.39,495.83,23.28,33.02,28.47,31.1,1041.08,364.98,446.24,22.77,29.72,918.09
B0601,Line A,3604,1923.48,740.08,173.98,437.36,128.35,235.08,865.57,1983.41,31.32,69.98,141.18,82.28,3173.74,735.73,1785.07,112.95,62.98,2810.33
B0602,Line C,4499,2218.54,779.7,324.66,669.98,154.62,149.11,998.34,2089.6,58.44,107.2,170.08,52.19,3475.85,848.59,1880.64,136.07,96.48,3072.41
B0603,Line A,3494,1913.61,664.68,343.51,414.34,144.14,162.76,861.12,1781.34,61.83,66.29,158.55,56.97,2986.11,731.96,1603.21,126.84,59.66,2640.47
B0604,Line C,3006,2047.99,431.69,307.77,193.71,172.27,171.55,921.6,1156.93,55.4,30.99,189.5,60.04,2414.46,783.36,1041.24,151.6,27.89,2119.53
B0605,Line A,4109,1989.1,691.28,203.22,345.43,160.2,272.01,895.1,1852.63,36.58,55.27,176.22,95.2,3111.0,760.83,1667.37,140.98,49.74,2750.7
B0606,Line A,4053,1700.25,465.18,162.13,292.62,150.01,106.34,765.11,1246.68,29.18,46.82,165.01,37.22,2290.03,650.35,1122.01,132.01,42.14,2012.91
B0607,Line B,1953,1239.78,349.13,189.38,292.89,24.44,151.83,557.9,935.67,34.09,46.86,26.88,53.14,1654.54,474.22,842.1,21.51,42.18,1467.24
B0608,Line B,3856,2623.59,539.32,264.24,515.33,50.69,283.08,1180.62,1445.38,47.56,82.45,55.76,99.08,2910.85,1003.52,1300.84,44.61,74.21,2569.82
B0609,Line C,1015,396.11,144.09,61.26,126.27,19.66,36.76,178.25,386.16,11.03,20.2,21.63,12.87,630.13,151.51,347.55,17.3,18.18,558.44
B0610,Line B,538,239.92,91.95,22.08,44.71,6.25,37.32,107.96,246.43,3.97,7.15,6.88,13.06,385.46,91.77,221.78,5.5,6.44,342.52
B0611,Line C,3842,1562.88,810.97,319.75,269.88,181.22,196.32,703.3,2173.4,57.56,43.18,199.34,68.71,3245.49,597.8,1956.06,159.47,38.86,2878.46
B0612,Line B,1386,678.0,123.3,149.82,184.63,63.99,66.12,305.1,330.44,26.97,29.54,70.39,23.14,785.58,259.34,297.4,56.31,26.59,689.75
B0613,Line A,3344,1772.79,653.63,389.95,341.61,56.19,129.97,797.76,1751.73,70.19,54.66,61.81,45.49,2781.63,678.09,1576.56,49.45,49.19,2468.97
B0614,Line C,2704,1756.33,327.0,230.54,202.36,140.08,148.34,790.35,876.36,41.5,32.38,154.09,51.92,1946.59,671.8,788.72,123.27,29.14,1706.35
B0615,Line C,1598,975.51,227.15,129.69,188.29,28.35,101.94,438.98,608.76,23.34,30.13,31.19,35.68,1168.08,373.13,547.89,24.95,27.11,1032.1
B0616,Line A,2323,1390.02,192.97,108.73,126.46,58.21,103.74,625.51,517.16,19.57,20.23,64.03,36.31,1282.81,531.68,465.44,51.22,18.21,1122.43
B0617,Line C,3701,1817.01,452.06,310.55,317.84,83.08,213.74,817.65,1211.52,55.9,50.85,91.39,74.81,2302.13,695.01,1090.37,73.11,45.77,2034.97
B0618,Line C,3655,2509.45,549.6,257.31,371.13,104.59,226.46,1129.25,1472.93,46.32,59.38,115.05,79.26,2902.19,959.86,1325.64,92.04,53.44,2556.56
B0619,Line B,3593,1934.88,315.7,318.23,238.13,81.68,225.16,870.7,846.08,57.28,38.1,89.85,78.81,1980.81,740.09,761.47,71.88,34.29,1743.82
B0620,Line C,4030,2988.82,599.48,286.53,638.0,138.82,93.17,1344.97,1606.61,51.58,102.08,152.7,32.61,3290.54,1143.22,1445.95,122.16,91.87,2887.39
B0621,Line A,4278,2582.44,897.51,253.36,312.3,129.92,306.24,1162.1,2405.33,45.6,49.97,142.91,107.18,3913.09,987.78,2164.79,114.33,44.97,3464.65
B0622,Line B,3396,1360.12,321.79,161.64,218.49,201.48,161.29,612.05,862.4,29.1,34.96,221.63,56.45,1816.58,520.25,776.16,177.3,31.46,1590.72
B0623,Line B,3953,2452.72,739.3,257.71,286.15,50.58,141.3,1103.72,1981.32,46.39,45.78,55.64,49.46,3282.31,938.17,1783.19,44.51,41.21,2902.93
B0624,Line A,4011,1925.45,550.93,191.45,539.87,68.62,138.4,866.45,1476.49,34.46,86.38,75.48,48.44,2587.71,736.48,1328.84,60.39,77.74,2286.35
B0625,Line A,1488,929.3,255.53,80.58,144.05,18.81,72.88,418.18,684.82,14.5,23.05,20.69,25.51,1186.76,355.46,616.34,16.55,20.74,1049.1
B0626,Line B,4616,1744.19,537.46,549.24,517.9,190.6,337.94,784.89,1440.39,98.86,82.86,209.66,118.28,2734.94,667.15,1296.35,167.73,74.58,2422.95
B0627,Line C,4526,1900.71,463.14,341.84,236.76,57.6,193.26,855.32,1241.22,61.53,37.88,63.36,67.64,2326.95,727.02,1117.09,50.69,34.09,2058.06
B0628,Line B,4679,3239.25,479.43,386.25,251.67,242.48,304.06,1457.66,1284.87,69.52,40.27,266.73,106.42,3225.48,1239.01,1156.39,213.38,36.24,2820.96
B0629,Line A,2182,961.98,196.09,239.78,216.11,77.67,56.32,432.89,525.52,43.16,34.58,85.44,19.71,1141.3,367.96,472.97,68.35,31.12,1003.27
B0630,Line B,4463,3056.34,473.04,533.98,624.07,162.23,216.74,1375.35,1267.75,96.12,99.85,178.45,75.86,3093.38,1169.05,1140.97,142.76,89.87,2714.63
B0631,Line A,1433,661.63,247.9,124.12,211.19,54.57,113.93,297.73,664.37,22.34,33.79,60.03,39.88,1118.14,253.07,597.93,48.02,30.41,991.65
B0632,Line B,4098,2488.11,833.68,430.28,243.99,75.98,271.4,1119.65,2234.26,77.45,39.04,83.58,94.99,3648.97,951.7,2010.84,66.86,35.13,3236.97
B0633,Line C,3733,2343.06,724.12,246.96,407.72,74.23,121.81,1054.38,1940.64,44.45,65.24,81.65,42.63,3228.99,896.22,1746.58,65.32,58.71,2853.91
B0634,Line B,2480,1376.55,436.28,159.86,373.13,64.33,124.21,619.45,1169.23,28.77,59.7,70.76,43.47,1991.39,526.53,1052.31,56.61,53.73,1761.42
B0635,Line B,2355,1111.85,224.81,170.07,218.25,93.43,80.11,500.33,602.49,30.61,34.92,102.77,28.04,1299.17,425.28,542.24,82.22,31.43,1139.82
B0636,Line A,3556,1547.07,428.45,333.55,502.29,72.92,158.5,696.18,1148.25,60.04,80.37,80.21,55.47,2120.52,591.75,1033.42,64.17,72.33,1877.18
B0637,Line A,1292,469.35,159.4,122.19,83.6,20.44,86.31,211.21,427.19,21.99,13.38,22.48,30.21,726.46,179.53,384.47,17.99,12.04,646.23
B0638,Line A,1291,608.81,148.46,84.2,197.39,75.53,85.56,273.96,397.87,15.16,31.58,83.08,29.95,831.6,232.87,358.09,66.47,28.42,730.96
B0639,Line B,2309,1411.41,351.2,116.97,306.3,25.63,77.78,635.13,941.22,21.05,49.01,28.19,27.22,1701.83,539.86,847.09,22.55,44.11,1501.88
B0640,Line C,2755,1998.26,426.96,249.58,423.02,138.12,207.54,899.22,1144.25,44.92,67.68,151.93,72.64,2380.65,764.33,1029.83,121.55,60.91,2094.18
B0641,Line A,4110,2870.76,534.15,206.59,511.4,203.04,228.33,1291.84,1431.52,37.19,81.82,223.34,79.92,3145.63,1098.07,1288.37,178.68,73.64,2755.87
B0642,Line A,2107,1383.09,272.92,181.79,189.58,52.38,90.17,622.39,731.43,32.72,30.33,57.62,31.56,1506.05,529.03,658.28,46.09,27.3,1324.98
B0643,Line B,1484,987.42,290.86,141.68,227.35,24.9,74.37,444.34,779.5,25.5,36.38,27.39,26.03,1339.14,377.69,701.55,21.91,32.74,1185.42
B0644,Line A,4176,2572.39,795.53,401.1,335.38,72.17,235.13,1157.58,2132.02,72.2,53.66,79.39,82.3,3577.14,983.94,1918.82,63.51,48.29,3169.06
B0645,Line C,3880,1761.97,477.59,389.08,335.77,174.1,207.94,792.89,1279.94,70.03,53.72,191.51,72.78,2460.87,673.95,1151.95,153.21,48.35,2170.27
B0646,Line C,1019,726.42,211.88,111.92,129.5,42.94,50.12,326.89,567.84,20.15,20.72,47.23,17.54,1000.37,277.86,511.05,37.79,18.65,883.04
B0647,Line A,1090,673.94,232.6,87.2,146.26,53.56,54.82,303.27,623.37,15.7,23.4,58.92,19.19,1043.84,257.78,561.03,47.13,21.06,921.89
B0648,Line A,1550,889.97,194.9,152.55,235.96,88.15,47.41,400.49,522.33,27.46,37.75,96.97,16.59,1101.59,340.41,470.1,77.57,33.98,966.11
B0649,Line B,4133,1630.04,535.72,370.04,299.76,184.32,284.2,733.52,1435.73,66.61,47.96,202.75,99.47,2586.04,623.49,1292.16,162.2,43.17,2287.1
B0650,Line C,4944,2614.5,745.5,271.58,681.18,87.97,259.59,1176.53,1997.94,48.88,108.99,96.77,90.86,3519.96,1000.05,1798.15,77.41,98.09,3113.44
B0651,Line C,1459,779.32,308.95,61.36,191.48,32.35,40.65,350.69,827.99,11.04,30.64,35.59,14.23,1270.17,298.09,745.19,28.47,27.57,1124.59
B0652,Line A,1192,829.42,241.6,74.81,67.96,62.11,78.64,373.24,647.49,13.47,10.87,68.32,27.52,1140.91,317.25,582.74,54.66,9.79,1005.43
B0653,Line B,4399,2501.53,415.09,331.87,407.32,90.03,334.09,1125.69,1112.44,59.74,65.17,99.03,116.93,2579.0,956.84,1001.2,79.23,58.65,2272.59
B0654,Line C,4973,2497.24,671.27,444.43,403.33,67.76,382.12,1123.76,1799.0,80.0,64.53,74.54,133.74,3275.57,955.19,1619.1,59.63,58.08,2905.74
B0655,Line C,3446,2552.52,542.65,372.16,287.72,155.64,145.22,1148.63,1454.3,66.99,46.04,171.2,50.83,2937.99,976.34,1308.87,136.96,41.43,2581.42
B0656,Line B,1026,404.54,154.35,57.15,162.24,30.91,28.86,182.04,413.66,10.29,25.96,34.0,10.1,676.05,154.74,372.29,27.2,23.36,597.98
B0657,Line B,3724,1932.83,398.99,186.36,449.51,208.55,190.31,869.77,1069.29,33.54,71.92,229.41,66.61,2340.55,739.31,962.36,183.52,64.73,2050.07
B0658,Line C,2753,1009.83,551.25,322.32,354.98,117.04,73.66,454.42,1477.35,58.02,56.8,128.74,25.78,2201.11,386.26,1329.62,103.0,51.12,1953.8
B0659,Line C,3844,2483.08,671.82,186.99,605.15,55.82,292.29,1117.39,1800.48,33.66,96.82,61.4,102.3,3212.05,949.78,1620.43,49.12,87.14,2842.43
B0660,Line B,4465,3202.43,880.98,349.52,408.51,256.26,138.48,1441.09,2361.03,62.91,65.36,281.89,48.47,4260.75,1224.93,2124.92,225.51,58.83,3745.57
B0661,Line C,2375,1097.29,475.54,206.26,328.23,54.45,83.52,493.78,1274.45,37.13,52.52,59.9,29.23,1947.0,419.71,1147.0,47.92,47.27,1728.26
B0662,Line A,2263,1569.02,418.13,188.53,221.32,60.79,100.47,706.06,1120.59,33.94,35.41,66.87,35.16,1998.03,600.15,1008.53,53.5,31.87,1763.15
B0663,Line A,1020,476.23,144.32,47.82,148.56,30.72,43.85,214.3,386.78,8.61,23.77,33.79,15.35,682.6,182.16,348.1,27.03,21.39,602.64
B0664,Line B,1516,1082.89,250.86,67.56,105.93,19.04,102.6,487.3,672.3,12.16,16.95,20.94,35.91,1245.57,414.21,605.07,16.76,15.25,1099.36
B0665,Line B,616,401.38,63.11,29.84,95.02,21.45,29.19,180.62,169.13,5.37,15.2,23.6,10.22,404.14,153.53,152.22,18.88,13.68,353.9
B0666,Line B,2933,1970.87,511.25,254.72,217.23,47.41,88.71,886.89,1370.15,45.85,34.76,52.15,31.05,2420.85,753.86,1233.14,41.72,31.28,2136.9
B0667,Line A,1083,386.85,113.82,90.48,93.01,32.54,39.02,174.08,305.04,16.29,14.88,35.79,13.66,559.74,147.97,274.53,28.64,13.39,494.48
B0668,Line C,894,657.2,158.37,52.48,119.06,24.62,45.19,295.74,424.43,9.45,19.05,27.08,15.82,791.57,251.38,381.99,21.67,17.14,697.45
B0669,Line A,4288,2747.19,480.87,390.3,400.13,208.58,123.7,1236.24,1288.73,70.25,64.02,229.44,43.3,2931.97,1050.8,1159.86,183.55,57.62,2565.38
B0670,Line C,3268,1542.17,315.22,345.12,382.04,163.92,185.29,693.98,844.79,62.12,61.13,180.31,64.85,1907.18,589.88,760.31,144.25,55.01,1676.42
B0671,Line A,4667,3181.76,481.35,202.2,461.58,82.47,251.76,1431.79,1290.02,36.4,73.85,90.72,88.12,3010.89,1217.02,1161.02,72.57,66.47,2641.6
B0672,Line C,4360,2016.97,350.02,348.15,574.04,123.51,274.17,907.64,938.05,62.67,91.85,135.86,95.96,2232.02,771.49,844.25,108.69,82.66,1965.72
B0673,Line A,773,540.41,139.62,73.55,58.07,22.16,58.95,243.18,374.18,13.24,9.29,24.38,20.63,684.9,206.71,336.76,19.5,8.36,605.2
B0674,Line B,2513,992.72,458.71,151.24,141.81,44.15,187.81,446.72,1229.34,27.22,22.69,48.57,65.73,1840.28,379.72,1106.41,38.85,20.42,1638.35
B0675,Line A,4933,3115.06,750.26,318.78,409.4,246.27,378.68,1401.78,2010.7,57.38,65.5,270.9,132.54,3938.79,1191.51,1809.63,216.72,58.95,3466.73
B0676,Line C,1889,1069.7,193.79,168.29,193.01,85.69,65.52,481.36,519.36,30.29,30.88,94.26,22.93,1179.09,409.16,467.42,75.41,27.79,1033.0
B0677,Line A,4066,1580.1,372.84,454.72,278.45,79.36,113.42,711.04,999.21,81.85,44.55,87.3,39.7,1963.65,604.39,899.29,69.84,40.1,1735.17
B0678,Line A,665,297.09,54.98,69.69,59.2,18.84,25.36,133.69,147.35,12.54,9.47,20.72,8.88,332.65,113.64,132.61,16.58,8.52,292.77
B0679,Line A,2067,733.71,213.32,179.11,194.29,31.6,152.35,330.17,571.7,32.24,31.09,34.76,53.32,1053.28,280.64,514.53,27.81,27.98,936.52
B0680,Line B,1228,660.06,251.4,120.86,69.15,50.85,96.18,297.03,673.75,21.75,11.06,55.94,33.66,1093.2,252.47,606.38,44.75,9.96,968.97
B0681,Line A,2543,1196.5,289.43,175.94,290.32,40.86,181.98,538.43,775.67,31.67,46.45,44.95,63.69,1500.86,457.66,698.11,35.96,41.81,1328.9
B0682,Line B,4697,2768.14,608.72,428.73,691.76,278.52,124.95,1245.66,1631.37,77.17,110.68,306.37,43.73,3414.99,1058.81,1468.23,245.1,99.61,2992.65
B0683,Line B,3996,1873.7,378.61,308.87,266.5,195.94,307.08,843.17,1014.67,55.6,42.64,215.53,107.48,2279.09,716.69,913.21,172.43,38.38,2003.79
B0684,Line A,1278,600.62,142.02,70.54,147.94,37.72,58.02,270.28,380.61,12.7,23.67,41.49,20.31,749.06,229.74,342.55,33.19,21.3,659.79
B0685,Line A,713,461.51,108.87,68.55,87.79,27.76,14.66,207.68,291.77,12.34,14.05,30.54,5.13,561.5,176.53,262.59,24.43,12.64,493.66
B0686,Line A,4262,1573.77,703.59,360.21,409.69,236.83,198.37,708.2,1885.62,64.84,65.55,260.51,69.43,3054.15,601.97,1697.06,208.41,59.0,2700.71
B0687,Line C,2076,1476.36,237.39,142.6,263.9,78.28,47.26,664.36,636.21,25.67,42.22,86.11,16.54,1471.11,564.71,572.58,68.89,38.0,1286.39
B0688,Line A,2948,2036.79,259.67,332.85,280.59,55.2,155.16,916.56,695.92,59.91,44.89,60.72,54.31,1832.3,779.07,626.32,48.58,40.4,1608.59
B0689,Line B,3436,2120.43,462.98,143.19,362.53,99.42,138.52,954.19,1240.79,25.77,58.0,109.36,48.48,2436.6,811.06,1116.71,87.49,52.2,2141.71
B0690,Line A,3617,2124.22,407.96,236.05,183.78,188.65,175.08,955.9,1093.33,42.49,29.4,207.52,61.28,2389.92,812.51,984.0,166.01,26.46,2092.75
B0691,Line C,1091,771.25,120.81,48.6,137.56,46.05,61.96,347.06,323.77,8.75,22.01,50.66,21.69,773.93,295.0,291.39,40.52,19.81,677.16
B0692,Line A,3220,1365.71,690.31,326.26,395.25,136.97,232.25,614.57,1850.03,58.73,63.24,150.67,81.29,2818.52,522.38,1665.03,120.53,56.92,2504.88
B0693,Line C,1213,462.87,201.7,116.65,65.77,64.7,72.43,208.29,540.56,21.0,10.52,71.17,25.35,876.89,177.05,486.5,56.94,9.47,776.31
B0694,Line C,1435,639.73,226.68,95.44,129.88,78.49,66.07,287.88,607.5,17.18,20.78,86.34,23.12,1042.8,244.7,546.75,69.07,18.7,919.52
B0695,Line A,4837,3230.3,668.51,454.93,762.76,270.82,334.55,1453.64,1791.61,81.89,122.04,297.9,117.09,3864.17,1235.59,1612.45,238.32,109.84,3395.18
B0696,Line B,501,182.3,70.17,35.91,48.24,7.39,37.24,82.04,188.06,6.46,7.72,8.13,13.03,305.44,69.73,169.25,6.5,6.95,271.92
B0697,Line C,3348,1952.29,521.37,336.48,352.26,124.57,91.02,878.53,1397.27,60.57,56.36,137.03,31.86,2561.61,746.75,1257.54,109.62,50.73,2257.07
B0698,Line A,4544,3399.71,806.56,346.86,682.02,213.68,235.91,1529.87,2161.58,62.43,109.12,235.05,82.57,4180.62,1300.39,1945.42,188.04,98.21,3677.06
B0699,Line A,2449,1695.39,436.66,178.73,315.67,117.18,90.79,762.93,1170.25,32.17,50.51,128.9,31.78,2176.53,648.49,1053.22,103.12,45.46,1914.24
B0700,Line B,1417,791.51,147.42,162.64,161.58,57.16,32.34,356.18,395.09,29.28,25.85,62.88,11.32,880.59,302.75,355.58,50.3,23.27,772.5
B0701,Line C,3674,1379.43,551.16,220.7,506.12,67.38,220.85,620.74,1477.11,39.73,80.98,74.12,77.3,2369.97,527.63,1329.4,59.29,72.88,2106.23
B0702,Line C,2741,1870.87,377.36,136.05,397.67,136.7,196.71,841.89,1011.32,24.49,63.63,150.37,68.85,2160.55,715.61,910.19,120.3,57.26,1896.7
B0703,Line A,589,347.27,118.9,51.1,59.05,27.1,17.54,156.27,318.65,9.2,9.45,29.81,6.14,529.52,132.83,286.79,23.85,8.5,467.31
B0704,Line A,2209,874.7,371.99,259.66,225.9,31.6,151.86,393.62,996.93,46.74,36.14,34.76,53.15,1561.34,334.57,897.24,27.81,32.53,1392.04
B0705,Line B,2669,1034.35,412.5,187.44,246.79,88.59,190.04,465.46,1105.5,33.74,39.49,97.45,66.51,1808.15,395.64,994.95,77.96,35.54,1604.34
B0706,Line B,4738,3382.22,455.58,213.03,740.73,88.6,354.69,1522.0,1220.95,38.35,118.52,97.46,124.14,3121.42,1293.7,1098.86,77.97,106.67,2739.69
B0707,Line C,3541,2187.21,583.52,237.76,448.6,95.16,127.18,984.24,1563.83,42.8,71.78,104.68,44.51,2811.84,836.61,1407.45,83.74,64.6,2479.71
B0708,Line C,605,412.44,58.33,48.69,35.79,6.6,44.91,185.6,156.32,8.76,5.73,7.26,15.72,379.39,157.76,140.69,5.81,5.15,333.89
B0709,Line A,1386,972.41,176.31,73.39,200.87,41.6,54.39,437.58,472.51,13.21,32.14,45.76,19.04,1020.24,371.95,425.26,36.61,28.93,895.0
B0710,Line C,927,536.46,92.7,85.88,95.35,34.76,49.26,241.41,248.44,15.46,15.26,38.24,17.24,576.03,205.2,223.59,30.59,13.73,505.81
B0711,Line B,2395,1333.96,423.65,286.97,137.86,98.15,55.16,600.28,1135.38,51.65,22.06,107.97,19.31,1936.65,510.24,1021.84,86.37,19.85,1709.26
B0712,Line B,816,426.09,88.84,62.13,90.14,35.23,18.47,191.74,238.09,11.18,14.42,38.75,6.46,500.66,162.98,214.28,31.0,12.98,438.88
B0713,Line A,1134,540.67,152.93,77.54,108.74,58.76,71.69,243.3,409.85,13.96,17.4,64.64,25.09,774.24,206.81,368.87,51.71,15.66,682.1
B0714,Line B,2425,1270.31,498.08,174.74,355.39,50.37,113.17,571.64,1334.85,31.45,56.86,55.41,39.61,2089.83,485.89,1201.37,44.33,51.18,1853.83
B0715,Line B,2556,1685.81,277.59,125.79,185.16,40.96,90.42,758.61,743.94,22.64,29.63,45.06,31.65,1631.53,644.82,669.55,36.04,26.66,1431.36
B0716,Line B,3644,2152.76,550.58,403.25,513.48,191.59,114.51,968.74,1475.55,72.58,82.16,210.75,40.08,2849.87,823.43,1328.0,168.6,73.94,2506.63
B0717,Line B,2770,1958.42,384.19,202.73,308.43,49.39,166.75,881.29,1029.63,36.49,49.35,54.33,58.36,2109.45,749.1,926.67,43.46,44.41,1858.49
B0718,Line A,1939,1022.54,160.04,137.63,108.6,113.89,38.83,460.14,428.91,24.77,17.38,125.28,13.59,1070.07,391.12,386.02,100.22,15.64,931.36
B0719,Line A,1052,623.66,200.92,97.6,165.06,54.84,71.91,280.65,538.47,17.57,26.41,60.32,25.17,948.58,238.55,484.62,48.26,23.77,837.94
B0720,Line C,1215,732.07,108.94,91.57,129.26,42.58,30.08,329.43,291.96,16.48,20.68,46.84,10.53,715.92,280.02,262.76,37.47,18.61,625.87
B0721,Line B,4411,2587.84,645.75,405.19,361.69,260.56,138.9,1164.53,1730.61,72.93,57.87,286.62,48.62,3361.17,989.85,1557.55,229.29,52.08,2950.32
B0722,Line C,2213,1396.52,350.75,99.4,224.92,32.9,95.54,628.43,940.01,17.89,35.99,36.19,33.44,1691.95,534.17,846.01,28.95,32.39,1492.85
B0723,Line A,3889,1730.5,653.27,408.73,561.43,97.82,190.92,778.72,1750.76,73.57,89.83,107.6,66.82,2867.31,661.92,1575.69,86.08,80.85,2544.93
B0724,Line A,1607,891.8,283.49,185.19,134.25,67.35,66.37,401.31,759.75,33.33,21.48,74.08,23.23,1313.19,341.11,683.78,59.27,19.33,1160.05
B0725,Line A,4706,1843.29,543.35,432.49,335.04,129.42,184.68,829.48,1456.18,77.85,53.61,142.36,64.64,2624.11,705.06,1310.56,113.89,48.25,2320.25
B0726,Line A,750,377.85,61.05,87.27,48.15,42.31,58.38,170.03,163.61,15.71,7.7,46.54,20.43,424.03,144.53,147.25,37.23,6.93,372.08
B0727,Line A,2930,1597.05,531.16,152.7,242.5,38.91,171.39,718.67,1423.51,27.49,38.8,42.8,59.99,2311.25,610.87,1281.16,34.24,34.92,2048.67
B0728,Line A,2554,1560.21,395.85,199.71,346.85,95.7,54.67,702.09,1060.88,35.95,55.5,105.27,19.13,1978.82,596.78,954.79,84.22,49.95,1740.82
B0729,Line A,958,699.54,188.78,84.44,97.6,37.88,43.89,314.79,505.93,15.2,15.62,41.67,15.36,908.57,267.57,455.34,33.33,14.05,800.85
B0730,Line B,707,417.31,137.86,61.18,53.04,30.14,51.26,187.79,369.46,11.01,8.49,33.15,17.94,627.85,159.62,332.52,26.52,7.64,555.25
B0731,Line C,1399,905.77,277.09,100.89,95.52,31.87,53.28,407.6,742.6,18.16,15.28,35.06,18.65,1237.35,346.46,668.34,28.05,13.75,1093.41
B0732,Line A,3961,2188.48,585.88,265.57,343.02,111.81,101.69,984.82,1570.16,47.8,54.88,122.99,35.59,2816.24,837.09,1413.14,98.39,49.39,2481.4
B0733,Line B,3885,2345.15,492.26,194.82,595.93,202.73,254.48,1055.32,1319.26,35.07,95.35,223.0,89.07,2817.06,897.02,1187.33,178.4,85.81,2472.7
B0734,Line B,521,197.13,99.42,37.17,45.71,10.29,29.36,88.71,266.45,6.69,7.31,11.32,10.28,390.75,75.4,239.8,9.06,6.58,347.81
B0735,Line C,909,410.65,130.15,48.19,144.25,46.67,49.28,184.79,348.8,8.67,23.08,51.34,17.25,633.93,157.07,313.92,41.07,20.77,558.75
B0736,Line A,1394,689.67,147.32,137.66,144.11,53.16,32.36,310.35,394.82,24.78,23.06,58.48,11.33,822.81,263.8,355.34,46.78,20.75,722.78
B0737,Line C,1014,546.54,202.49,57.5,70.68,48.78,28.83,245.94,542.67,10.35,11.31,53.66,10.09,874.02,209.05,488.41,42.93,10.18,771.01
B0738,Line A,4609,1697.31,938.2,205.95,682.25,210.54,264.34,763.79,2514.38,37.07,109.16,231.59,92.52,3748.51,649.22,2262.94,185.28,98.24,3325.27
B0739,Line B,2634,1069.43,382.68,221.75,265.08,53.67,85.52,481.24,1025.58,39.92,42.41,59.04,29.93,1678.12,409.06,923.02,47.23,38.17,1487.33
B0740,Line B,4095,1886.67,371.0,358.8,524.42,157.41,205.75,849.0,994.28,64.58,83.91,173.15,72.01,2236.94,721.65,894.85,138.52,75.52,1967.13
B0741,Line B,3456,2552.65,464.13,379.31,546.77,184.5,182.11,1148.69,1243.87,68.28,87.48,202.95,63.74,2815.01,976.39,1119.48,162.36,78.73,2468.98
B0742,Line B,2060,994.03,396.54,177.49,114.37,65.11,76.24,447.31,1062.73,31.95,18.3,71.62,26.68,1658.59,380.22,956.45,57.3,16.47,1469.07
B0743,Line C,1766,958.61,364.23,119.45,107.08,103.01,135.82,431.37,976.14,21.5,17.13,113.31,47.54,1606.99,366.67,878.52,90.65,15.42,1420.3
B0744,Line A,2669,1143.5,289.55,278.22,344.97,87.04,188.29,514.58,775.99,50.08,55.2,95.74,65.9,1557.49,437.39,698.39,76.6,49.68,1378.04
B0745,Line A,4138,2459.26,369.84,344.37,335.18,70.92,262.11,1106.67,991.17,61.99,53.63,78.01,91.74,2383.2,940.67,892.05,62.41,48.27,2097.13
B0746,Line C,1249,577.38,253.33,57.88,87.77,36.81,30.82,259.82,678.92,10.42,14.04,40.49,10.79,1014.49,220.85,611.03,32.39,12.64,898.12
B0747,Line A,3927,1699.59,528.25,334.85,213.35,226.14,103.55,764.82,1415.71,60.27,34.14,248.75,36.24,2559.93,650.09,1274.14,199.0,30.72,2250.46
B0748,Line B,2427,1350.94,378.24,273.38,127.18,63.07,120.3,607.92,1013.68,49.21,20.35,69.38,42.1,1802.65,516.73,912.31,55.5,18.31,1594.16
B0749,Line A,4304,1515.88,927.64,308.62,581.87,229.85,127.58,682.15,2486.08,55.55,93.1,252.84,44.65,3614.36,579.82,2237.47,202.27,83.79,3203.55
B0750,Line B,4202,1483.58,375.32,267.69,272.24,227.17,330.68,667.61,1005.86,48.18,43.56,249.89,115.74,2130.84,567.47,905.27,199.91,39.2,1875.77
B0751,Line C,2856,1249.86,487.7,147.02,289.74,78.57,84.28,562.44,1307.04,26.46,46.36,86.43,29.5,2058.22,478.07,1176.33,69.14,41.72,1821.22
B0752,Line A,2835,1033.89,256.21,147.75,330.7,40.15,139.62,465.25,686.64,26.6,52.91,44.16,48.87,1324.43,395.46,617.98,35.33,47.62,1171.86
B0753,Line C,806,316.93,106.85,60.15,78.28,37.26,33.73,142.62,286.36,10.83,12.52,40.99,11.81,505.12,121.23,257.72,32.79,11.27,445.65
B0754,Line A,4165,2022.29,801.9,365.08,220.67,106.52,243.08,910.03,2149.09,65.71,35.31,117.17,85.08,3362.39,773.53,1934.18,93.74,31.78,2984.02
B0755,Line B,2489,1670.2,350.17,115.61,338.96,122.32,69.05,751.59,938.46,20.81,54.23,134.55,24.17,1923.81,638.85,844.61,107.64,48.81,1684.89
B0756,Line C,1161,672.01,254.96,133.71,59.39,37.31,53.2,302.4,683.29,24.07,9.5,41.04,18.62,1078.93,257.04,614.96,32.83,8.55,956.07
B0757,Line A,811,450.16,128.36,81.43,108.52,27.79,29.59,202.57,344.0,14.66,17.36,30.57,10.36,619.52,172.19,309.6,24.46,15.63,546.9
B0758,Line B,3420,1598.49,427.37,297.3,507.06,167.22,250.57,719.32,1145.35,53.51,81.13,183.94,87.7,2270.96,611.42,1030.82,147.15,73.02,2003.62
B0759,Line C,1582,1143.31,175.31,168.13,154.42,46.06,35.49,514.49,469.83,30.26,24.71,50.67,12.42,1102.38,437.32,422.85,40.53,22.24,965.62
B0760,Line C,3471,1766.07,448.01,161.11,378.03,111.61,259.71,794.73,1200.67,29.0,60.48,122.77,90.9,2298.55,675.52,1080.6,98.22,54.44,2028.68
B0761,Line A,1254,482.59,165.72,98.0,128.5,36.13,87.75,217.17,444.13,17.64,20.56,39.74,30.71,769.95,184.59,399.72,31.79,18.5,682.95
B0762,Line A,4630,2763.31,414.94,418.59,429.72,131.34,175.27,1243.49,1112.04,75.35,68.76,144.47,61.34,2705.45,1056.97,1000.84,115.58,61.88,2371.96
B0763,Line A,852,337.0,112.24,90.56,125.77,30.93,57.39,151.65,300.8,16.3,20.12,34.02,20.09,542.99,128.9,270.72,27.22,18.11,481.34
B0764,Line B,1402,684.3,203.28,143.95,207.96,70.72,30.67,307.94,544.79,25.91,33.27,77.79,10.73,1000.44,261.74,490.31,62.23,29.95,880.87
B0765,Line A,4388,2426.41,795.03,272.78,381.49,123.25,342.32,1091.88,2130.68,49.1,61.04,135.58,119.81,3588.09,928.1,1917.61,108.46,54.93,3178.01
B0766,Line C,658,460.4,113.14,75.85,77.42,23.83,33.95,207.18,303.22,13.65,12.39,26.21,11.88,574.53,176.1,272.89,20.97,11.15,506.64
B0767,Line C,2477,1355.96,443.95,123.72,376.4,107.84,94.61,610.18,1189.79,22.27,60.22,118.62,33.11,2034.2,518.65,1070.81,94.9,54.2,1793.94
B0768,Line A,1456,918.6,118.18,160.18,226.88,34.18,60.8,413.37,316.72,28.83,36.3,37.6,21.28,854.1,351.36,285.05,30.08,32.67,749.27
B0769,Line A,2571,1920.86,284.03,302.54,272.49,61.39,61.66,864.39,761.2,54.46,43.6,67.53,21.58,1812.75,734.73,685.08,54.02,39.24,1589.11
B0770,Line C,903,363.54,155.89,48.92,90.13,51.17,71.66,163.59,417.79,8.81,14.42,56.29,25.08,685.97,139.05,376.01,45.03,12.98,606.96
B0771,Line B,3279,1507.99,484.5,320.57,264.47,151.41,73.31,678.6,1298.46,57.7,42.32,166.55,25.66,2269.28,576.81,1168.61,133.24,38.08,2000.1
B0772,Line A,1887,958.28,152.36,81.56,293.38,73.33,111.89,431.23,408.32,14.68,46.94,80.66,39.16,1021.0,366.54,367.49,64.53,42.25,894.65
B0773,Line A,3953,2050.54,761.46,286.33,259.75,167.55,184.07,922.74,2040.71,51.54,41.56,184.31,64.42,3305.28,784.33,1836.64,147.44,37.4,2921.77
B0774,Line C,1455,748.46,273.82,118.3,165.55,16.68,111.94,336.81,733.84,21.29,26.49,18.35,39.18,1175.95,286.29,660.45,14.68,23.84,1045.73
B0775,Line A,2212,1577.25,346.79,191.23,179.35,90.48,76.89,709.76,929.4,34.42,28.7,99.53,26.91,1828.72,603.3,836.46,79.62,25.83,1606.54
B0776,Line B,1773,1126.94,158.34,203.67,143.06,62.9,92.06,507.12,424.35,36.66,22.89,69.19,32.22,1092.44,431.05,381.92,55.35,20.6,957.8
B0777,Line C,4311,2557.12,807.5,404.29,407.59,160.75,210.99,1150.7,2164.1,72.77,65.21,176.82,73.85,3703.46,978.1,1947.69,141.46,58.69,3272.56
B0778,Line A,3125,1480.47,505.37,245.32,499.59,87.41,194.29,666.21,1354.39,44.16,79.93,96.15,68.0,2308.85,566.28,1218.95,76.92,71.94,2046.25
B0779,Line C,2882,1958.37,546.07,301.96,161.53,40.56,69.4,881.27,1463.47,54.35,25.84,44.62,24.29,2493.84,749.08,1317.12,35.69,23.26,2203.79
B0780,Line A,1941,1420.86,359.56,225.24,220.57,38.17,61.39,639.39,963.62,40.54,35.29,41.99,21.49,1742.32,543.48,867.26,33.59,31.76,1538.12
B0781,Line A,3479,2360.43,669.43,145.3,205.55,200.17,114.37,1062.19,1794.07,26.15,32.89,220.19,40.03,3175.52,902.86,1614.67,176.15,29.6,2789.46
B0782,Line A,2297,805.39,350.34,272.43,153.89,69.91,147.67,362.43,938.91,49.04,24.62,76.9,51.68,1503.58,308.06,845.02,61.52,22.16,1337.48
B0783,Line B,4890,2956.3,487.27,229.29,480.94,163.0,153.29,1330.34,1305.88,41.27,76.95,179.3,53.65,2987.39,1130.78,1175.3,143.44,69.26,2613.7
B0784,Line B,4509,1670.38,784.39,474.13,478.63,56.97,245.33,751.67,2102.17,85.34,76.58,62.67,85.87,3164.29,638.92,1891.95,50.13,68.92,2821.13
B0785,Line C,1894,858.06,316.04,118.24,148.62,22.5,62.34,386.13,846.99,21.28,23.78,24.75,21.82,1324.75,328.21,762.29,19.8,21.4,1174.8
B0786,Line A,4781,1787.19,879.3,241.8,405.48,219.25,342.79,804.24,2356.52,43.52,64.88,241.18,119.98,3630.31,683.6,2120.87,192.94,58.39,3219.3
B0787,Line A,1769,1046.4,183.59,133.01,105.37,65.28,135.38,470.88,492.02,23.94,16.86,71.81,47.38,1122.89,400.25,442.82,57.45,15.17,987.01
B0788,Line B,4214,2632.22,452.15,385.65,351.25,149.32,215.38,1184.5,1211.76,69.42,56.2,164.25,75.38,2761.51,1006.82,1090.59,131.4,50.58,2424.19
B0789,Line A,1029,407.27,210.59,72.52,160.85,22.8,42.33,183.27,564.38,13.05,25.74,25.08,14.82,826.34,155.78,507.94,20.06,23.16,734.81
B0790,Line B,4123,2076.08,762.74,182.92,634.6,194.76,140.36,934.24,2044.14,32.93,101.54,214.24,49.13,3376.2,794.1,1839.73,171.39,91.38,2978.66
B0791,Line A,3458,1841.37,716.33,304.15,300.28,63.67,79.49,828.62,1919.76,54.75,48.04,70.04,27.82,2949.03,704.32,1727.79,56.03,43.24,2613.95
B0792,Line C,3414,1698.88,635.76,383.02,385.08,66.56,123.28,764.5,1703.84,68.94,61.61,73.22,43.15,2715.25,649.82,1533.45,58.57,55.45,2409.38
B0793,Line A,4091,1629.9,669.29,289.06,613.88,135.15,242.41,733.46,1793.7,52.03,98.22,148.67,84.84,2910.91,623.44,1614.33,118.93,88.4,2581.97
B0794,Line A,2647,1370.03,454.17,151.69,134.15,64.36,137.69,616.51,1217.18,27.3,21.46,70.8,48.19,2001.44,524.04,1095.46,56.64,19.32,1770.95
B0795,Line B,3869,2516.67,791.13,291.75,538.47,86.56,296.53,1132.5,2120.23,52.52,86.16,95.22,103.79,3590.4,962.63,1908.21,76.17,77.54,3180.86
B0796,Line A,1439,544.52,231.73,63.13,222.07,60.81,62.99,245.03,621.04,11.36,35.53,66.89,22.05,1001.9,208.28,558.93,53.51,31.98,886.11
B0797,Line A,1025,391.62,172.75,108.28,61.55,43.61,63.17,176.23,462.97,19.49,9.85,47.97,22.11,738.62,149.79,416.67,38.38,8.86,655.3
B0798,Line B,501,246.45,51.06,53.16,33.95,25.66,24.73,110.9,136.84,9.57,5.43,28.23,8.66,299.63,94.27,123.16,22.58,4.89,263.13
B0799,Line C,874,635.13,127.91,76.07,136.07,26.99,44.36,285.81,342.8,13.69,21.77,29.69,15.53,709.29,242.94,308.52,23.75,19.59,624.02
B0800,Line C,2840,1753.5,512.04,193.82,309.93,38.78,102.43,789.08,1372.27,34.89,49.59,42.66,35.85,2324.33,670.71,1235.04,34.13,44.63,2055.25
B0801,Line B,4505,2799.71,531.28,468.44,232.29,106.69,213.07,1259.87,1423.83,84.32,37.17,117.36,74.57,2997.12,1070.89,1281.45,93.89,33.45,2638.57
B0802,Line B,3552,1757.42,384.74,299.7,278.26,209.57,171.37,790.84,1031.1,53.95,44.52,230.53,59.98,2210.92,672.21,927.99,184.42,40.07,1938.62
B0803,Line B,2865,1683.09,355.08,303.9,285.05,114.06,178.77,757.39,951.61,54.7,45.61,125.47,62.57,1997.35,643.78,856.45,100.37,41.05,1758.92
B0804,Line B,2025,716.96,230.47,183.3,255.6,92.11,154.79,322.63,617.66,32.99,40.9,101.32,54.18,1169.68,274.24,555.89,81.06,36.81,1035.17
B0805,Line B,4976,3007.69,547.8,511.3,650.1,51.59,197.84,1353.46,1468.1,92.03,104.02,56.75,69.24,3143.61,1150.44,1321.29,45.4,93.61,2772.01
B0806,Line C,2146,1535.07,299.32,188.6,342.28,77.06,48.35,690.78,802.18,33.95,54.76,84.77,16.92,1683.36,587.16,721.96,67.81,49.29,1477.09
B0807,Line C,513,305.25,106.24,37.52,41.87,6.09,25.54,137.36,284.72,6.75,6.7,6.7,8.94,451.18,116.76,256.25,5.36,6.03,400.09
B0808,Line B,2778,1943.15,419.45,324.01,303.37,106.85,146.31,874.42,1124.13,58.32,48.54,117.54,51.21,2274.15,743.25,1011.71,94.03,43.69,2002.21
B0809,Line A,3655,2337.7,388.56,304.42,397.17,204.82,110.04,1051.96,1041.34,54.8,63.55,225.3,38.51,2475.46,894.17,937.21,180.24,57.19,2162.12
B0810,Line B,629,250.48,57.1,55.61,59.52,36.75,41.28,112.72,153.03,10.01,9.52,40.43,14.45,340.15,95.81,137.73,32.34,8.57,298.91
B0811,Line A,4314,3067.17,765.57,248.65,295.97,159.74,341.22,1380.23,2051.73,44.76,47.36,175.71,119.43,3819.21,1173.19,1846.55,140.57,42.62,3367.12
B0812,Line B,3716,1399.36,496.43,334.63,585.35,122.29,285.19,629.71,1330.43,60.23,93.66,134.52,99.82,2348.37,535.26,1197.39,107.62,84.29,2084.61
B0813,Line B,3438,1937.61,670.6,294.73,494.61,196.83,109.42,871.92,1797.21,53.05,79.14,216.51,38.3,3056.13,741.14,1617.49,173.21,71.22,2694.41
B0814,Line C,4428,1801.55,763.08,242.6,464.13,193.42,321.13,810.7,2045.05,43.67,74.26,212.76,112.4,3298.84,689.09,1840.55,170.21,66.83,2922.75
B0815,Line A,2540,900.89,486.34,113.71,295.55,33.64,158.16,405.4,1303.39,20.47,47.29,37.0,55.36,1868.91,344.59,1173.05,29.6,42.56,1665.63
B0816,Line A,527,273.41,62.22,46.56,39.52,17.54,24.89,123.03,166.75,8.38,6.32,19.29,8.71,332.49,104.58,150.07,15.44,5.69,292.87
B0817,Line C,2613,1222.93,462.32,264.16,286.95,57.52,137.02,550.32,1239.02,47.55,45.91,63.27,47.96,1994.03,467.77,1115.12,50.62,41.32,1770.34
B0818,Line C,1752,953.79,204.93,143.44,221.53,58.67,124.35,429.21,549.21,25.82,35.44,64.54,43.52,1147.74,364.82,494.29,51.63,31.9,1011.98
B0819,Line C,4856,2820.75,1026.9,282.34,517.98,159.15,237.01,1269.34,2752.09,50.82,82.88,175.07,82.95,4413.15,1078.94,2476.88,140.05,74.59,3904.23
B0820,Line C,2546,935.64,430.51,237.6,404.64,99.57,107.93,421.04,1153.77,42.77,64.74,109.53,37.78,1829.62,357.88,1038.39,87.62,58.27,1622.71
B0821,Line A,4523,1805.59,567.33,209.91,530.31,125.91,224.32,812.52,1520.44,37.78,84.85,138.5,78.51,2672.61,690.64,1368.4,110.8,76.36,2362.49
B0822,Line A,4896,2807.65,576.41,368.9,444.59,89.17,268.05,1263.44,1544.78,66.4,71.13,98.09,93.82,3137.66,1073.93,1390.3,78.47,64.02,2766.94
B0823,Line B,3874,1887.67,413.47,205.59,522.74,136.31,121.43,849.45,1108.1,37.01,83.64,149.94,42.5,2270.64,722.03,997.29,119.95,75.27,1994.05
B0824,Line B,3966,2544.86,702.97,217.17,272.67,204.29,293.7,1145.19,1883.96,39.09,43.63,224.72,102.79,3439.38,973.41,1695.56,179.78,39.26,3029.89
B0825,Line C,3581,2187.69,396.13,201.19,330.51,154.7,216.48,984.46,1061.63,36.21,52.88,170.17,75.77,2381.12,836.79,955.47,136.14,47.59,2087.97
B0826,Line C,4278,2944.3,698.78,303.47,377.17,115.16,248.11,1324.94,1872.73,54.62,60.35,126.68,86.84,3526.15,1126.19,1685.46,101.34,54.31,3108.76
B0827,Line C,1129,707.88,132.15,49.78,110.08,64.1,29.32,318.55,354.16,8.96,17.61,70.51,10.26,780.05,270.76,318.75,56.41,15.85,680.99
B0828,Line B,769,401.4,132.79,55.23,104.58,42.76,43.26,180.63,355.88,9.94,16.73,47.04,15.14,625.36,153.54,320.29,37.63,15.06,551.6
B0829,Line B,3139,1943.63,609.25,254.06,324.13,64.25,85.56,874.63,1632.79,45.73,51.86,70.68,29.95,2705.64,743.44,1469.51,56.54,46.67,2391.84
B0830,Line B,2493,1147.16,470.99,196.11,342.39,29.84,61.63,516.22,1262.25,35.3,54.78,32.82,21.57,1922.95,438.79,1136.03,26.26,49.3,1707.25
B0831,Line B,3391,1602.33,632.49,239.48,384.59,159.6,175.11,721.05,1695.07,43.11,61.53,175.56,61.29,2757.61,612.89,1525.57,140.45,55.38,2438.69
B0832,Line B,3932,2617.12,417.9,421.24,344.55,202.03,173.67,1177.7,1119.97,75.82,55.13,222.23,60.78,2711.64,1001.05,1007.97,177.79,49.62,2373.03
B0833,Line B,1780,940.85,164.43,91.89,247.59,103.94,98.48,423.38,440.67,16.54,39.61,114.33,34.47,1069.01,359.88,396.61,91.47,35.65,934.62
B0834,Line B,2860,1914.35,508.66,230.1,217.97,155.85,72.51,861.46,1363.21,41.42,34.88,171.44,25.38,2497.77,732.24,1226.89,137.15,31.39,2194.47
B0835,Line C,1075,729.89,141.44,48.34,80.28,43.03,49.3,328.45,379.06,8.7,12.84,47.33,17.26,793.64,279.18,341.15,37.87,11.56,695.72
B0836,Line C,1807,1252.3,253.93,82.57,190.63,65.96,55.09,563.54,680.53,14.86,30.5,72.56,19.28,1381.27,479.0,612.48,58.04,27.45,1211.11
B0837,Line C,3692,2645.89,311.46,317.18,290.54,42.06,292.5,1190.65,834.71,57.09,46.49,46.27,102.38,2277.58,1012.05,751.24,37.01,41.84,2001.61
B0838,Line C,3678,1921.37,427.9,313.67,187.58,82.14,197.39,864.62,1146.77,56.46,30.01,90.35,69.09,2257.3,734.92,1032.09,72.28,27.01,1991.85
B0839,Line B,3234,1544.39,273.97,356.52,392.33,106.66,198.07,694.98,734.24,64.17,62.77,117.33,69.32,1742.81,590.73,660.82,93.86,56.5,1535.4
B0840,Line A,2712,1580.77,550.77,229.52,288.07,112.35,107.19,711.35,1476.06,41.31,46.09,123.58,37.52,2435.92,604.64,1328.46,98.87,41.48,2152.28
B0841,Line B,2852,1421.63,325.34,333.07,282.37,107.98,73.25,639.73,871.91,59.95,45.18,118.78,25.64,1761.19,543.77,784.72,95.02,40.66,1549.76
B0842,Line A,4068,2401.87,642.85,178.57,636.1,191.73,319.55,1080.84,1722.84,32.14,101.78,210.9,111.84,3260.34,918.72,1550.55,168.72,91.6,2873.57
B0843,Line C,2155,1362.47,184.16,103.1,243.15,51.69,80.11,613.11,493.55,18.56,38.9,56.86,28.04,1249.02,521.14,444.19,45.49,35.01,1092.43
B0844,Line B,2079,1300.13,360.41,90.49,301.41,79.52,94.45,585.06,965.9,16.29,48.23,87.47,33.06,1736.0,497.3,869.31,69.98,43.4,1529.34
B0845,Line C,2703,1351.02,338.48,148.18,176.61,38.94,159.45,607.96,907.13,26.67,28.26,42.83,55.81,1668.66,516.77,816.41,34.27,25.43,1475.36
B0846,Line B,1890,787.65,388.79,157.44,212.84,57.99,40.6,354.44,1041.96,28.34,34.05,63.79,14.21,1536.79,301.28,937.76,51.03,30.65,1363.27
B0847,Line C,2242,1170.8,458.12,205.47,326.16,106.51,153.84,526.86,1227.76,36.98,52.19,117.16,53.84,2014.8,447.83,1104.99,93.73,46.97,1784.34
B0848,Line A,2425,987.07,304.44,105.84,276.79,108.32,126.57,444.18,815.9,19.05,44.29,119.15,44.3,1486.87,377.55,734.31,95.32,39.86,1310.39
B0849,Line A,1119,790.06,230.66,129.44,144.33,66.62,41.06,355.53,618.17,23.3,23.09,73.28,14.37,1107.74,302.2,556.35,58.63,20.78,975.63
B0850,Line A,1774,866.33,389.33,190.48,161.3,42.39,42.04,389.85,1043.4,34.29,25.81,46.63,14.71,1554.69,331.37,939.06,37.3,23.23,1379.96
B0851,Line B,1456,599.56,284.73,92.79,87.61,50.83,43.32,269.8,763.08,16.7,14.02,55.91,15.16,1134.67,229.33,686.77,44.73,12.62,1005.31
B0852,Line A,2439,878.48,483.61,112.62,244.8,64.58,179.76,395.32,1296.07,20.27,39.17,71.04,62.92,1884.78,336.02,1166.47,56.83,35.25,1677.76
B0853,Line B,4453,2708.89,511.48,238.64,415.88,142.63,272.35,1219.0,1370.77,42.96,66.54,156.89,95.32,2951.48,1036.15,1233.69,125.51,59.89,2593.52
B0854,Line A,2881,1742.32,463.09,144.5,418.83,152.25,100.82,784.04,1241.08,26.01,67.01,167.48,35.29,2320.91,666.44,1116.97,133.98,60.31,2039.0
B0855,Line A,1468,713.8,131.26,73.2,112.8,64.9,35.14,321.21,351.78,13.18,18.05,71.39,12.3,787.9,273.03,316.6,57.11,16.24,688.46
B0856,Line B,1816,687.69,169.41,147.98,283.91,98.29,111.57,309.46,454.02,26.64,45.43,108.12,39.05,982.71,263.04,408.62,86.5,40.88,864.73
B0857,Line B,1543,792.87,339.22,92.07,239.77,31.13,83.85,356.79,909.11,16.57,38.36,34.24,29.35,1384.43,303.27,818.2,27.39,34.53,1229.31
B0858,Line A,781,370.57,98.19,53.62,60.32,41.91,34.58,166.76,263.15,9.65,9.65,46.1,12.1,507.41,141.74,236.83,36.88,8.69,445.89
B0859,Line B,3344,2076.12,617.79,398.47,295.23,43.43,139.84,934.25,1655.68,71.72,47.24,47.77,48.94,2805.61,794.12,1490.11,38.22,42.51,2485.62
B0860,Line A,1558,922.82,300.59,147.61,231.38,84.8,51.43,415.27,805.58,26.57,37.02,93.28,18.0,1395.72,352.98,725.02,74.62,33.32,1230.51
B0861,Line B,4793,2376.55,959.19,555.6,749.28,126.79,288.43,1069.45,2570.63,100.01,119.88,139.47,100.95,4100.39,909.03,2313.57,111.58,107.9,3643.04
B0862,Line C,3032,1325.46,666.03,155.86,299.5,78.01,237.22,596.46,1784.96,28.05,47.92,85.81,83.03,2626.23,506.99,1606.46,68.65,43.13,2336.31
B0863,Line C,4328,3225.29,492.57,305.43,369.22,154.1,132.19,1451.38,1320.09,54.98,59.08,169.51,46.27,3101.3,1233.67,1188.08,135.61,53.17,2711.78
B0864,Line C,1508,801.65,129.16,127.24,162.67,86.01,84.19,360.74,346.15,22.9,26.03,94.61,29.47,879.9,306.63,311.53,75.69,23.42,769.64
B0865,Line C,1729,1081.16,237.85,79.78,217.26,21.42,78.58,486.52,637.44,14.36,34.76,23.56,27.5,1224.15,413.54,573.69,18.85,31.29,1079.23
B0866,Line C,1535,623.55,150.75,61.91,122.93,42.38,71.84,280.6,404.01,11.14,19.67,46.62,25.14,787.18,238.51,363.61,37.29,17.7,693.39
B0867,Line A,775,421.78,64.43,72.57,101.53,40.94,27.32,189.8,172.67,13.06,16.24,45.03,9.56,446.38,161.33,155.41,36.03,14.62,390.01
B0868,Line C,3240,1169.69,422.69,295.96,180.41,96.56,225.21,526.36,1132.81,53.27,28.87,106.22,78.82,1926.35,447.41,1019.53,84.97,25.98,1709.98
B0869,Line C,2789,1540.04,529.14,203.22,154.57,55.66,136.98,693.02,1418.1,36.58,24.73,61.23,47.94,2281.59,589.07,1276.29,48.98,22.26,2021.12
B0870,Line C,1739,1279.22,276.96,137.68,160.84,54.33,91.48,575.65,742.25,24.78,25.73,59.76,32.02,1460.2,489.3,668.03,47.81,23.16,1285.1
B0871,Line C,625,314.8,77.37,45.77,55.55,18.3,23.93,141.66,207.35,8.24,8.89,20.13,8.38,394.64,120.41,186.62,16.1,8.0,347.75
B0872,Line B,4565,1668.96,783.39,191.37,386.75,254.59,141.1,751.03,2099.49,34.45,61.88,280.05,49.38,3276.28,638.38,1889.54,224.04,55.69,2891.48
B0873,Line A,4812,1743.78,541.27,321.58,500.51,231.44,121.04,784.7,1450.6,57.88,80.08,254.58,42.36,2670.22,667.0,1305.54,203.67,72.07,2348.52
B0874,Line C,4368,2206.69,358.23,236.6,372.51,154.0,274.52,993.01,960.06,42.59,59.6,169.4,96.08,2320.74,844.06,864.05,135.52,53.64,2035.94
B0875,Line C,1708,707.13,319.41,81.77,121.52,101.49,54.27,318.21,856.02,14.72,19.44,111.64,18.99,1339.02,270.48,770.42,89.31,17.5,1181.42
B0876,Line C,3749,1347.17,627.3,436.9,315.07,124.71,230.21,606.23,1681.16,78.64,50.41,137.18,80.57,2634.2,515.29,1513.05,109.74,45.37,2342.66
B0877,Line A,1418,925.22,264.77,124.71,222.97,18.31,61.57,416.35,709.58,22.45,35.68,20.14,21.55,1225.75,353.9,638.63,16.11,32.11,1084.75
B0878,Line B,4423,2359.27,377.95,434.75,421.17,102.23,198.8,1061.67,1012.91,78.26,67.39,112.45,69.58,2402.25,902.42,911.62,89.96,60.65,2112.49
B0879,Line A,4903,2283.32,966.86,319.82,485.0,155.93,236.08,1027.49,2591.18,57.57,77.6,171.52,82.63,4008.0,873.37,2332.07,137.22,69.84,3552.7
B0880,Line B,2469,1753.07,411.67,176.41,280.03,44.06,103.85,788.88,1103.28,31.75,44.8,48.47,36.35,2053.53,670.55,992.95,38.77,40.32,1810.69
B0881,Line C,3293,1305.53,523.18,194.14,520.85,188.95,85.74,587.49,1402.12,34.95,83.34,207.84,30.01,2345.75,499.37,1261.91,166.28,75.0,2067.52
B0882,Line C,1391,1018.72,232.92,66.43,106.52,67.24,53.66,458.42,624.23,11.96,17.04,73.96,18.78,1204.4,389.66,561.8,59.17,15.34,1056.71
B0883,Line A,4970,2363.67,999.07,269.98,620.96,116.37,297.33,1063.65,2677.51,48.6,99.35,128.01,104.07,4121.18,904.1,2409.76,102.41,89.42,3658.36
B0884,Line A,2533,1786.68,410.78,262.93,326.14,100.16,151.85,804.01,1100.89,47.33,52.18,110.18,53.15,2167.73,683.41,990.8,88.14,46.96,1909.79
B0885,Line B,1864,1101.95,300.72,175.6,217.73,85.88,69.29,495.88,805.93,31.61,34.84,94.47,24.25,1486.97,421.5,725.34,75.57,31.35,1309.62
B0886,Line B,628,427.47,137.34,52.6,37.52,35.84,29.9,192.36,368.07,9.47,6.0,39.42,10.46,625.79,163.51,331.26,31.54,5.4,551.64
B0887,Line A,1514,1125.82,281.52,118.1,188.43,81.88,47.85,506.62,754.47,21.26,30.15,90.07,16.75,1419.31,430.63,679.03,72.05,27.13,1246.85
B0888,Line B,2299,1069.87,326.28,261.61,131.16,82.21,75.0,481.44,874.43,47.09,20.99,90.43,26.25,1540.63,409.23,786.99,72.34,18.89,1360.79
B0889,Line A,2018,1482.13,361.29,92.46,233.23,98.34,43.15,666.96,968.26,16.64,37.32,108.17,15.1,1812.45,566.91,871.43,86.54,33.59,1590.21
B0890,Line B,4681,2367.62,629.56,292.32,614.87,178.38,345.48,1065.43,1687.22,52.62,98.38,196.22,120.92,3220.78,905.61,1518.5,156.97,88.54,2843.16
B0891,Line A,1698,856.14,190.25,115.46,124.3,63.9,55.43,385.26,509.87,20.78,19.89,70.29,19.4,1025.49,327.47,458.88,56.23,17.9,900.66
B0892,Line A,4373,2125.96,715.24,448.64,623.5,68.82,147.16,956.68,1916.84,80.76,99.76,75.7,51.51,3181.25,813.18,1725.16,60.56,89.78,2820.95
B0893,Line A,2974,1684.96,624.38,355.1,158.63,48.5,109.37,758.23,1673.34,63.92,25.38,53.35,38.28,2612.5,644.5,1506.0,42.68,22.84,2318.22
B0894,Line B,3985,1640.46,837.17,236.13,569.14,145.36,110.16,738.21,2243.62,42.5,91.06,159.9,38.56,3313.84,627.48,2019.25,127.92,81.96,2937.67
B0895,Line B,4549,2599.68,581.67,500.14,457.79,106.64,265.46,1169.86,1558.88,90.03,73.25,117.3,92.91,3102.22,994.38,1402.99,93.84,65.92,2740.07
B0896,Line B,4219,2390.83,649.2,449.11,311.93,46.63,103.4,1075.87,1739.86,80.84,49.91,51.29,36.19,3033.96,914.49,1565.87,41.03,44.92,2683.34
B0897,Line A,802,525.12,87.92,46.49,51.9,37.01,22.5,236.3,235.63,8.37,8.3,40.71,7.87,537.19,200.86,212.06,32.57,7.47,469.2
B0898,Line B,4452,3042.76,976.72,320.31,689.45,51.75,261.27,1369.24,2617.61,57.66,110.31,56.92,91.44,4303.19,1163.86,2355.85,45.54,99.28,3813.63
B0899,Line B,1486,781.9,322.99,108.14,86.18,59.09,60.0,351.86,865.61,19.47,13.79,65.0,21.0,1336.72,299.08,779.05,52.0,12.41,1183.01
B0900,Line A,2363,1112.82,403.91,279.44,169.9,87.34,147.63,500.77,1082.48,50.3,27.18,96.07,51.67,1808.48,425.65,974.23,76.86,24.47,1603.18
B0901,Line C,4940,2241.45,951.53,269.09,436.01,288.7,264.02,1008.65,2550.1,48.44,69.76,317.57,92.41,4086.93,857.35,2295.09,254.06,62.79,3610.14
B0902,Line A,3572,1528.28,643.37,371.25,422.3,122.2,126.31,687.73,1724.23,66.82,67.57,134.42,44.21,2724.98,584.57,1551.81,107.54,60.81,2415.76
B0903,Line B,3624,1351.97,590.86,241.85,398.38,47.76,214.0,608.39,1583.5,43.53,63.74,52.54,74.9,2426.6,517.13,1425.15,42.03,57.37,2160.11
B0904,Line A,1827,889.71,159.81,179.9,116.6,68.67,49.29,400.37,428.29,32.38,18.66,75.54,17.25,972.49,340.31,385.46,60.43,16.79,852.62
B0905,Line C,2908,1332.15,417.78,214.03,238.08,151.38,151.75,599.47,1119.65,38.53,38.09,166.52,53.11,2015.37,509.55,1007.69,133.21,34.28,1776.37
B0906,Line A,4173,3073.69,728.06,360.0,318.24,249.72,192.91,1383.16,1951.2,64.8,50.92,274.69,67.52,3792.29,1175.69,1756.08,219.75,45.83,3329.67
B0907,Line B,3791,2172.56,662.87,404.15,278.6,119.48,136.75,977.65,1776.49,72.75,44.58,131.43,47.86,3050.76,831.0,1598.84,105.14,40.12,2695.71
B0908,Line C,4533,2216.23,599.43,472.94,431.66,117.93,254.94,997.3,1606.47,85.13,69.07,129.72,89.23,2976.92,847.71,1445.83,103.78,62.16,2633.84
B0909,Line B,1203,700.37,254.84,131.5,153.31,66.57,86.95,315.17,682.97,23.67,24.53,73.23,30.43,1150.0,267.89,614.67,58.58,22.08,1017.32
B0910,Line C,1074,435.7,111.08,48.08,79.39,21.01,85.85,196.06,297.69,8.65,12.7,23.11,30.05,568.27,166.66,267.92,18.49,11.43,503.2
B0911,Line C,3732,1969.07,559.99,355.9,337.13,152.16,210.73,886.08,1500.77,64.06,53.94,167.38,73.76,2745.99,753.17,1350.7,133.9,48.55,2424.14
B0912,Line A,3132,1880.75,553.5,160.36,291.28,94.85,138.69,846.34,1483.38,28.86,46.6,104.34,48.54,2558.06,719.39,1335.04,83.47,41.94,2257.24
B0913,Line A,4328,2361.18,768.65,317.09,681.27,52.17,145.04,1062.53,2059.98,57.08,109.0,57.39,50.76,3396.74,903.15,1853.98,45.91,98.1,3008.98
B0914,Line B,3730,1904.95,637.12,312.9,578.2,102.07,132.14,857.23,1707.48,56.32,92.51,112.28,46.25,2872.07,728.64,1536.73,89.82,83.26,2541.02
B0915,Line A,988,738.57,117.12,71.35,136.36,22.98,48.18,332.36,313.88,12.84,21.82,25.28,16.86,723.04,282.5,282.49,20.22,19.64,634.55
B0916,Line A,1847,1296.83,188.15,150.66,141.45,81.83,77.64,583.57,504.24,27.12,22.63,90.01,27.17,1254.75,496.04,453.82,72.01,20.37,1096.53
B0917,Line C,4181,2505.93,706.72,500.56,240.34,240.15,312.86,1127.67,1894.01,90.1,38.45,264.17,109.5,3523.9,958.52,1704.61,211.33,34.61,3108.67
B0918,Line A,3673,2122.08,602.01,186.65,311.69,85.96,154.62,954.94,1613.39,33.6,49.87,94.56,54.12,2800.46,811.7,1452.05,75.64,44.88,2471.99
B0919,Line C,2167,1296.44,227.77,203.78,171.95,109.59,91.9,583.4,610.42,36.68,27.51,120.55,32.16,1410.73,495.89,549.38,96.44,24.76,1235.31
B0920,Line C,2137,920.03,381.92,153.18,225.78,27.29,91.92,414.01,1023.55,27.57,36.12,30.02,32.17,1563.45,351.91,921.19,24.02,32.51,1389.37
B0921,Line C,4614,2344.17,663.14,233.66,625.43,170.28,323.89,1054.88,1777.22,42.06,100.07,187.31,113.36,3274.89,896.65,1599.49,149.85,90.06,2891.47
B0922,Line B,4053,1482.52,703.14,213.59,585.32,54.83,239.32,667.13,1884.42,38.45,93.65,60.31,83.76,2827.72,567.06,1695.97,48.25,84.29,2517.78
B0923,Line B,1500,810.33,295.85,173.91,214.4,85.05,85.28,364.65,792.88,31.3,34.3,93.56,29.85,1346.54,309.95,713.59,74.84,30.87,1190.4
B0924,Line B,1350,765.73,140.08,149.0,120.91,65.23,54.07,344.58,375.41,26.82,19.35,71.75,18.92,856.84,292.89,337.87,57.4,17.41,751.31
B0925,Line C,1888,832.8,156.1,212.52,237.12,80.99,130.41,374.76,418.35,38.25,37.94,89.09,45.64,1004.03,318.55,376.51,71.27,34.15,884.37
B0926,Line B,4212,3098.4,796.38,502.59,355.54,215.63,93.94,1394.28,2134.3,90.47,56.89,237.19,32.88,3946.0,1185.14,1920.87,189.75,51.2,3470.31
B0927,Line B,1867,1332.63,308.72,105.79,105.86,79.12,134.89,599.68,827.37,19.04,16.94,87.03,47.21,1597.28,509.73,744.63,69.63,15.24,1405.48
B0928,Line A,1321,843.93,235.07,90.4,167.99,77.21,67.06,379.77,629.99,16.27,26.88,84.93,23.47,1161.31,322.8,566.99,67.94,24.19,1021.66
B0929,Line B,954,537.44,188.26,89.23,48.73,43.6,41.88,241.85,504.54,16.06,7.8,47.96,14.66,832.86,205.57,454.08,38.37,7.02,735.76
B0930,Line B,2124,1482.53,408.64,167.17,201.8,119.44,105.84,667.14,1095.16,30.09,32.29,131.38,37.04,1993.1,567.07,985.64,105.11,29.06,1754.01
B0931,Line C,3272,1316.2,701.94,240.4,282.15,117.32,196.47,592.29,1881.2,43.27,45.14,129.05,68.76,2759.72,503.45,1693.08,103.24,40.63,2452.43
B0932,Line C,4226,2815.38,655.16,290.01,533.62,67.0,87.76,1266.92,1755.83,52.2,85.38,73.7,30.72,3264.75,1076.88,1580.25,58.96,76.84,2875.85
B0933,Line C,3647,1458.54,541.18,319.12,489.74,132.78,263.65,656.34,1450.36,57.44,78.36,146.06,92.28,2480.84,557.89,1305.33,116.85,70.52,2200.31
B0934,Line C,4589,3064.0,625.32,394.87,382.95,75.0,214.79,1378.8,1675.86,71.08,61.27,82.5,75.18,3344.68,1171.98,1508.27,66.0,55.14,2947.65
B0935,Line C,2690,1238.23,273.08,142.35,374.66,106.59,109.15,557.2,731.85,25.62,59.95,117.25,38.2,1530.08,473.62,658.67,93.8,53.95,1343.86
B0936,Line C,1416,992.38,226.79,110.08,116.58,48.32,40.07,446.57,607.8,19.81,18.65,53.15,14.02,1160.01,379.59,547.02,42.52,16.79,1019.75
B0937,Line B,4486,3264.09,532.85,378.07,444.54,184.5,208.01,1468.84,1428.04,68.05,71.13,202.95,72.8,3311.81,1248.51,1285.23,162.36,64.01,2900.96
B0938,Line C,3375,1382.12,705.32,288.98,438.66,35.45,168.01,621.95,1890.26,52.02,70.19,39.0,58.8,2732.21,528.66,1701.23,31.2,63.17,2435.08
B0939,Line C,1940,1038.04,313.59,110.21,244.87,38.3,85.78,467.12,840.42,19.84,39.18,42.13,30.02,1438.71,397.05,756.38,33.7,35.26,1272.25
B0940,Line A,4900,3637.74,798.69,486.97,777.19,169.38,297.53,1636.98,2140.49,87.65,124.35,186.32,104.14,4279.93,1391.44,1926.44,149.05,111.92,3770.64
B0941,Line B,1235,671.05,160.17,51.89,92.34,71.04,55.89,301.97,429.26,9.34,14.77,78.14,19.56,853.05,256.68,386.33,62.52,13.3,747.73
B0942,Line B,4068,2828.96,355.05,278.2,499.77,118.71,316.02,1273.03,951.53,50.08,79.96,130.58,110.61,2595.79,1082.08,856.38,104.46,71.97,2275.58
B0943,Line B,3838,2247.12,324.1,393.08,449.3,119.82,214.76,1011.2,868.59,70.75,71.89,131.8,75.17,2229.4,859.52,781.73,105.44,64.7,1957.31
B0944,Line C,3515,1757.96,489.52,299.17,529.57,160.76,240.6,791.08,1311.91,53.85,84.73,176.84,84.21,2502.62,672.42,1180.72,141.47,76.26,2208.93
B0945,Line C,3389,1573.56,311.24,206.37,227.74,136.2,90.02,708.1,834.12,37.15,36.44,149.82,31.51,1797.14,601.89,750.71,119.86,32.79,1573.91
B0946,Line C,1461,630.11,241.0,139.67,193.87,36.45,64.05,283.55,645.88,25.14,31.02,40.1,22.42,1048.1,241.02,581.29,32.08,27.92,929.87
B0947,Line A,3489,2284.32,709.44,297.93,392.55,106.56,140.3,1027.94,1901.3,53.63,62.81,117.22,49.1,3212.0,873.75,1711.17,93.77,56.53,2837.95
B0948,Line C,4348,2194.07,885.29,450.89,348.77,90.81,235.53,987.33,2372.58,81.16,55.8,99.89,82.44,3679.2,839.23,2135.32,79.91,50.22,3268.28
B0949,Line A,1526,846.18,262.88,150.77,155.94,88.97,109.36,380.78,704.52,27.14,24.95,97.87,38.28,1273.53,323.66,634.07,78.29,22.46,1123.9
B0950,Line B,4365,2387.35,478.28,387.65,378.51,72.16,107.82,1074.31,1281.79,69.78,60.56,79.38,37.74,2603.55,913.16,1153.61,63.5,54.51,2292.3
B0951,Line C,3363,1953.61,675.36,265.86,382.46,96.15,81.9,879.12,1809.96,47.85,61.19,105.77,28.66,2932.57,747.26,1628.97,84.61,55.07,2592.42
B0952,Line A,3001,2089.39,612.36,152.01,443.52,33.89,213.13,940.23,1641.12,27.36,70.96,37.28,74.6,2791.55,799.19,1477.01,29.82,63.87,2471.85
B0953,Line A,2447,1816.4,263.13,149.04,275.59,51.6,80.19,817.38,705.19,26.83,44.09,56.76,28.07,1678.32,694.77,634.67,45.41,39.68,1469.43
B0954,Line C,1677,860.36,307.29,123.31,200.38,82.21,100.83,387.16,823.54,22.2,32.06,90.43,35.29,1390.68,329.09,741.18,72.34,28.85,1228.95
B0955,Line B,511,347.99,61.38,44.94,54.71,10.25,26.86,156.6,164.5,8.09,8.75,11.28,9.4,358.61,133.11,148.05,9.02,7.88,315.55
B0956,Line B,4899,3212.82,942.42,397.29,272.52,68.6,342.8,1445.77,2525.69,71.51,43.6,75.46,119.98,4282.01,1228.9,2273.12,60.37,39.24,3793.12
B0957,Line B,3864,2238.85,848.59,243.64,292.17,130.3,106.28,1007.48,2274.22,43.86,46.75,143.33,37.2,3552.83,856.36,2046.8,114.66,42.07,3140.95
B0958,Line A,3522,2579.58,296.57,142.7,366.71,36.98,97.87,1160.81,794.81,25.69,58.67,40.68,34.25,2114.91,986.69,715.33,32.54,52.81,1847.31
B0959,Line A,3871,1665.26,796.0,308.52,325.65,55.12,206.75,749.37,2133.28,55.53,52.1,60.63,72.36,3123.28,636.96,1919.95,48.51,46.89,2780.2
B0960,Line A,3330,1311.04,556.67,209.29,233.08,167.77,255.69,589.97,1491.88,37.67,37.29,184.55,89.49,2430.85,501.47,1342.69,147.64,33.56,2152.52
B0961,Line A,542,374.84,117.22,53.53,57.16,26.33,24.34,168.68,314.15,9.64,9.15,28.96,8.52,539.09,143.38,282.73,23.17,8.23,475.67
B0962,Line B,1443,758.53,209.38,60.48,123.39,80.46,57.17,341.34,561.14,10.89,19.74,88.51,20.01,1041.62,290.14,505.02,70.8,17.77,914.63
B0963,Line C,2890,1990.6,574.05,250.81,226.55,152.38,163.0,895.77,1538.45,45.15,36.25,167.62,57.05,2740.29,761.4,1384.61,134.09,32.62,2414.92
B0964,Line A,3045,2153.53,270.2,351.14,307.66,134.46,230.89,969.09,724.14,63.21,49.23,147.91,80.81,2034.37,823.73,651.72,118.32,44.3,1782.09
B0965,Line A,2911,1091.58,369.52,157.06,188.23,36.73,204.4,491.21,990.31,28.27,30.12,40.4,71.54,1651.86,417.53,891.28,32.32,27.11,1468.05
B0966,Line B,1504,1057.89,134.43,116.91,228.69,73.91,119.91,476.05,360.27,21.04,36.59,81.3,41.97,1017.23,404.64,324.25,65.04,32.93,889.87
B0967,Line C,520,275.25,112.6,24.6,75.63,27.18,11.1,123.86,301.77,4.43,12.1,29.9,3.88,475.94,105.28,271.59,23.92,10.89,419.99
B0968,Line C,906,502.08,176.1,81.59,115.82,45.26,24.25,225.94,471.95,14.69,18.53,49.79,8.49,789.37,192.05,424.75,39.83,16.68,696.49
B0969,Line B,1514,909.36,301.83,127.24,93.39,53.63,85.64,409.21,808.9,22.9,14.94,58.99,29.97,1344.93,347.83,728.01,47.19,13.45,1189.35
B0970,Line B,4931,3553.05,1041.99,357.94,667.39,106.73,341.4,1598.87,2792.53,64.43,106.78,117.4,119.49,4799.51,1359.04,2513.28,93.92,96.1,4246.26
B0971,Line C,2338,836.18,214.9,191.04,324.69,122.2,86.77,376.28,575.93,34.39,51.95,134.42,30.37,1203.34,319.84,518.34,107.54,46.76,1057.24
B0972,Line A,3688,1994.24,494.13,412.05,495.87,170.97,126.69,897.41,1324.27,74.17,79.34,188.07,44.34,2607.59,762.8,1191.84,150.45,71.41,2295.01
B0973,Line C,1214,758.86,109.19,67.62,75.92,71.67,81.6,341.49,292.63,12.17,12.15,78.84,28.56,765.83,290.26,263.37,63.07,10.93,668.36
B0974,Line B,4646,2969.18,508.79,194.23,561.38,82.63,108.64,1336.13,1363.56,34.96,89.82,90.89,38.02,2953.39,1135.71,1227.2,72.71,80.84,2589.44
B0975,Line A,4354,2730.01,488.13,474.3,617.29,92.67,183.58,1228.5,1308.19,85.37,98.77,101.94,64.25,2887.02,1044.23,1177.37,81.55,88.89,2541.66
B0976,Line A,4919,1986.16,716.58,423.87,558.35,101.28,247.66,893.77,1920.43,76.3,89.34,111.41,86.68,3177.93,759.71,1728.39,89.13,80.4,2820.61
B0977,Line B,640,300.65,75.26,71.2,77.51,31.76,34.32,135.29,201.7,12.82,12.4,34.94,12.01,409.15,115.0,181.53,27.95,11.16,360.47
B0978,Line B,1463,721.97,137.72,128.39,146.91,28.3,93.22,324.89,369.09,23.11,23.51,31.13,32.63,804.35,276.15,332.18,24.9,21.16,710.13
B0979,Line B,872,585.79,90.21,91.4,94.31,11.63,36.01,263.61,241.76,16.45,15.09,12.79,12.6,562.31,224.06,217.59,10.23,13.58,494.51
B0980,Line C,4135,1908.32,416.06,307.54,222.39,247.8,234.71,858.74,1115.04,55.36,35.58,272.58,82.15,2419.45,729.93,1003.54,218.06,32.02,2121.06
B0981,Line C,3041,1320.65,657.56,304.07,365.79,34.18,167.63,594.29,1762.26,54.73,58.53,37.6,58.67,2566.08,505.15,1586.03,30.08,52.67,2287.33
B0982,Line A,4110,3012.54,765.7,464.61,242.32,212.74,217.24,1355.64,2052.08,83.63,38.77,234.01,76.03,3840.17,1152.3,1846.87,187.21,34.89,3380.93
B0983,Line B,2192,774.97,472.35,188.01,214.49,61.96,128.08,348.74,1265.9,33.84,34.32,68.16,44.83,1795.78,296.43,1139.31,54.52,30.89,1599.82
B0984,Line A,605,453.22,85.65,32.95,49.73,31.51,21.52,203.95,229.54,5.93,7.96,34.66,7.53,489.57,173.36,206.59,27.73,7.16,428.3
B0985,Line A,2181,1353.81,259.48,134.14,239.9,82.29,54.7,609.21,695.41,24.15,38.38,90.52,19.14,1476.81,517.83,625.87,72.42,34.55,1293.96
B0986,Line A,4597,3132.34,881.53,256.93,297.31,253.21,124.84,1409.55,2362.5,46.25,47.57,278.53,43.69,4188.1,1198.12,2126.25,222.82,42.81,3679.94
B0987,Line A,4516,2112.8,567.55,269.82,569.38,254.29,151.17,950.76,1521.03,48.57,91.1,279.72,52.91,2944.09,808.15,1368.93,223.78,81.99,2584.33
B0988,Line B,3136,1115.56,382.32,202.31,431.05,32.79,156.84,502.0,1024.62,36.42,68.97,36.07,54.89,1722.97,426.7,922.16,28.86,62.07,1531.1
B0989,Line A,2637,1701.25,296.8,222.59,179.23,36.31,185.71,765.56,795.42,40.07,28.68,39.94,65.0,1734.67,650.73,715.88,31.95,25.81,1529.44
B0990,Line B,3916,2677.2,384.38,340.85,240.73,88.18,243.1,1204.74,1030.14,61.35,38.52,97.0,85.08,2516.83,1024.03,927.12,77.6,34.67,2209.85
B0991,Line B,4945,3195.41,573.15,366.52,326.4,214.94,333.01,1437.93,1536.04,65.97,52.22,236.43,116.55,3445.16,1222.24,1382.44,189.15,47.0,3023.35
B0992,Line C,4030,1640.77,522.87,359.61,590.33,219.29,165.47,738.35,1401.29,64.73,94.45,241.22,57.91,2597.95,627.59,1261.16,192.98,85.01,2289.38
B0993,Line B,1786,1163.35,311.41,83.1,193.07,58.93,79.08,523.51,834.58,14.96,30.89,64.82,27.68,1496.44,444.98,751.12,51.86,27.8,1318.4
B0994,Line C,3679,2419.2,326.54,173.0,373.05,148.44,160.48,1088.64,875.13,31.14,59.69,163.28,56.17,2274.05,925.34,787.61,130.63,53.72,1984.61
B0995,Line B,4154,2548.13,454.74,223.26,256.46,80.69,130.9,1146.66,1218.7,40.19,41.03,88.76,45.82,2581.16,974.66,1096.83,71.01,36.93,2265.44
B0996,Line B,2859,1876.78,552.54,232.85,347.23,143.66,67.68,844.55,1480.81,41.91,55.56,158.03,23.69,2604.54,717.87,1332.73,126.42,50.0,2292.62
B0997,Line B,944,649.82,94.94,53.92,137.33,55.1,52.35,292.42,254.44,9.71,21.97,60.61,18.32,657.47,248.56,229.0,48.49,19.78,573.86
B0998,Line C,535,318.56,68.46,33.52,75.49,12.54,42.45,143.35,183.47,6.03,12.08,13.79,14.86,373.59,121.85,165.13,11.04,10.87,329.78
B0999,Line C,1975,761.25,397.08,142.25,234.76,68.61,59.27,342.56,1064.17,25.6,37.56,75.47,20.74,1566.12,291.18,957.76,60.38,33.81,1389.47
B1000,Line A,4457,2429.29,453.23,467.76,259.76,63.76,101.62,1093.18,1214.66,84.2,41.56,70.14,35.57,2539.3,929.2,1093.19,56.11,37.41,2235.68
